pos	snpId	variantId	tissue	gene	nes	pValue
39748854	rs9747973	chr17_39748854_C_T_b38	Lung	GSDMA	-0.373138	1.40273e-12
39748854	rs9747973	chr17_39748854_C_T_b38	Lung	GSDMB	0.209202	5.0665e-21
39748854	rs9747973	chr17_39748854_C_T_b38	Lung	ORMDL3	0.240446	4.88598e-21
39748854	rs9747973	chr17_39748854_C_T_b38	Whole_Blood	GSDMB	0.318151	2.68357e-65
39748854	rs9747973	chr17_39748854_C_T_b38	Whole_Blood	IKZF3	-0.0883679	5.53481e-12
39748854	rs9747973	chr17_39748854_C_T_b38	Whole_Blood	ORMDL3	0.365584	5.67083e-48
39754115	rs2941522	chr17_39754115_C_T_b38	Lung	GSDMA	-0.367424	3.34521e-12
39754115	rs2941522	chr17_39754115_C_T_b38	Lung	GSDMB	0.210419	3.1125e-21
39754115	rs2941522	chr17_39754115_C_T_b38	Lung	ORMDL3	0.243247	1.6738699999999999e-21
39754115	rs2941522	chr17_39754115_C_T_b38	Whole_Blood	GSDMB	0.319774	2.9782e-66
39754115	rs2941522	chr17_39754115_C_T_b38	Whole_Blood	IKZF3	-0.0904419	1.60788e-12
39754115	rs2941522	chr17_39754115_C_T_b38	Whole_Blood	ORMDL3	0.372015	4.90833e-50
39756124	rs12946510	chr17_39756124_C_T_b38	Lung	GSDMA	0.358406	3.14459e-11
39756124	rs12946510	chr17_39756124_C_T_b38	Lung	GSDMB	-0.17472	3.95727e-14
39756124	rs12946510	chr17_39756124_C_T_b38	Lung	ORMDL3	-0.198193	8.64515e-14
39756124	rs12946510	chr17_39756124_C_T_b38	Whole_Blood	GSDMB	-0.266109	1.64739e-42
39756124	rs12946510	chr17_39756124_C_T_b38	Whole_Blood	IKZF3	0.0690864	9.83756e-08
39756124	rs12946510	chr17_39756124_C_T_b38	Whole_Blood	ORMDL3	-0.351044	1.96004e-43
39765489	rs907091	chr17_39765489_C_T_b38	Lung	GSDMA	-0.380375	4.17996e-13
39765489	rs907091	chr17_39765489_C_T_b38	Lung	GSDMB	0.212452	8.16624e-22
39765489	rs907091	chr17_39765489_C_T_b38	Lung	ORMDL3	0.246273	3.2206999999999997e-22
39765489	rs907091	chr17_39765489_C_T_b38	Whole_Blood	GSDMB	0.3229	1.0785600000000001e-69
39765489	rs907091	chr17_39765489_C_T_b38	Whole_Blood	IKZF3	-0.0905653	8.60857e-13
39765489	rs907091	chr17_39765489_C_T_b38	Whole_Blood	ORMDL3	0.372611	1.91208e-51
39771806	rs2952140	chr17_39771806_C_T_b38	Lung	GSDMA	-0.385128	3.30342e-13
39771806	rs2952140	chr17_39771806_C_T_b38	Lung	GSDMB	0.215962	3.50659e-22
39771806	rs2952140	chr17_39771806_C_T_b38	Lung	ORMDL3	0.246485	7.0169199999999995e-22
39771806	rs2952140	chr17_39771806_C_T_b38	Whole_Blood	GSDMB	0.32958	1.73504e-72
39771806	rs2952140	chr17_39771806_C_T_b38	Whole_Blood	IKZF3	-0.0895181	2.11289e-12
39771806	rs2952140	chr17_39771806_C_T_b38	Whole_Blood	ORMDL3	0.379815	3.61806e-53
39773563	rs2313430	chr17_39773563_T_C_b38	Lung	GSDMA	-0.378702	6.22489e-13
39773563	rs2313430	chr17_39773563_T_C_b38	Lung	GSDMB	0.216425	1.53017e-22
39773563	rs2313430	chr17_39773563_T_C_b38	Lung	ORMDL3	0.245277	6.50853e-22
39773563	rs2313430	chr17_39773563_T_C_b38	Whole_Blood	GSDMB	0.327967	7.98211e-72
39773563	rs2313430	chr17_39773563_T_C_b38	Whole_Blood	IKZF3	-0.0897952	1.67215e-12
39773563	rs2313430	chr17_39773563_T_C_b38	Whole_Blood	ORMDL3	0.378131	8.843499999999999e-53
39784555	rs11658993	chr17_39784555_C_T_b38	Lung	GSDMA	0.383296	5.4914e-13
39784555	rs11658993	chr17_39784555_C_T_b38	Lung	GSDMB	-0.173467	3.07511e-14
39784555	rs11658993	chr17_39784555_C_T_b38	Lung	ORMDL3	-0.20148	1.54365e-14
39784555	rs11658993	chr17_39784555_C_T_b38	Whole_Blood	GSDMB	-0.282588	1.36433e-49
39784555	rs11658993	chr17_39784555_C_T_b38	Whole_Blood	IKZF3	0.0696068	6.26823e-08
39784555	rs11658993	chr17_39784555_C_T_b38	Whole_Blood	ORMDL3	-0.361623	2.96514e-47
39803764	rs2952144	chr17_39803764_C_T_b38	Lung	GSDMA	-0.376625	9.56531e-13
39803764	rs2952144	chr17_39803764_C_T_b38	Lung	GSDMB	0.212433	1.3639199999999998e-21
39803764	rs2952144	chr17_39803764_C_T_b38	Lung	ORMDL3	0.245212	8.44369e-22
39803764	rs2952144	chr17_39803764_C_T_b38	Whole_Blood	GSDMB	0.329977	1.23077e-72
39803764	rs2952144	chr17_39803764_C_T_b38	Whole_Blood	IKZF3	-0.0897721	1.85988e-12
39803764	rs2952144	chr17_39803764_C_T_b38	Whole_Blood	ORMDL3	0.380688	2.09216e-53
39813896	rs9909593	chr17_39813896_A_G_b38	Lung	GSDMA	0.391503	2.43893e-13
39813896	rs9909593	chr17_39813896_A_G_b38	Lung	GSDMB	-0.172879	5.844e-14
39813896	rs9909593	chr17_39813896_A_G_b38	Lung	ORMDL3	-0.204787	8.4411e-15
39813896	rs9909593	chr17_39813896_A_G_b38	Whole_Blood	GSDMB	-0.287458	2.08813e-50
39813896	rs9909593	chr17_39813896_A_G_b38	Whole_Blood	IKZF3	0.0752107	6.70039e-09
39813896	rs9909593	chr17_39813896_A_G_b38	Whole_Blood	ORMDL3	-0.36721	7.90667e-48
39820216	rs9303277	chr17_39820216_C_T_b38	Lung	GSDMA	0.377755	7.32263e-13
39820216	rs9303277	chr17_39820216_C_T_b38	Lung	GSDMB	-0.21215	1.29583e-21
39820216	rs9303277	chr17_39820216_C_T_b38	Lung	ORMDL3	-0.244871	8.06431e-22
39820216	rs9303277	chr17_39820216_C_T_b38	Whole_Blood	GSDMB	-0.333897	5.66742e-75
39820216	rs9303277	chr17_39820216_C_T_b38	Whole_Blood	IKZF3	0.0896386	1.97278e-12
39820216	rs9303277	chr17_39820216_C_T_b38	Whole_Blood	ORMDL3	-0.382264	5.58416e-54
39827239	rs12944882	chr17_39827239_T_C_b38	Lung	GSDMA	0.351085	2.06067e-11
39827239	rs12944882	chr17_39827239_T_C_b38	Lung	GSDMB	-0.211236	8.14901e-22
39827239	rs12944882	chr17_39827239_T_C_b38	Lung	ORMDL3	-0.240286	2.25913e-21
39827239	rs12944882	chr17_39827239_T_C_b38	Whole_Blood	GSDMB	-0.319598	7.02956e-68
39827239	rs12944882	chr17_39827239_T_C_b38	Whole_Blood	IKZF3	0.0796886	3.83031e-10
39827239	rs12944882	chr17_39827239_T_C_b38	Whole_Blood	ORMDL3	-0.373911	7.42513e-52
39829548	rs3816470	chr17_39829548_A_G_b38	Lung	GSDMA	0.355073	1.04623e-11
39829548	rs3816470	chr17_39829548_A_G_b38	Lung	GSDMB	-0.21055	8.7744e-22
39829548	rs3816470	chr17_39829548_A_G_b38	Lung	ORMDL3	-0.239797	2.1473399999999998e-21
39829548	rs3816470	chr17_39829548_A_G_b38	Whole_Blood	GSDMB	-0.319305	4.8956e-68
39829548	rs3816470	chr17_39829548_A_G_b38	Whole_Blood	IKZF3	0.0806518	2.13829e-10
39829548	rs3816470	chr17_39829548_A_G_b38	Whole_Blood	ORMDL3	-0.374134	3.7438599999999995e-52
39864166	rs1453559	chr17_39864166_T_C_b38	Lung	GSDMA	0.389394	1.41259e-13
39864166	rs1453559	chr17_39864166_T_C_b38	Lung	GSDMB	-0.211784	1.83122e-21
39864166	rs1453559	chr17_39864166_T_C_b38	Lung	ORMDL3	-0.249812	1.16129e-22
39864166	rs1453559	chr17_39864166_T_C_b38	Whole_Blood	GSDMB	-0.335468	1.3560200000000001e-76
39864166	rs1453559	chr17_39864166_T_C_b38	Whole_Blood	IKZF3	0.0873934	6.08349e-12
39864166	rs1453559	chr17_39864166_T_C_b38	Whole_Blood	ORMDL3	-0.382752	1.36616e-54
39867492	rs4795397	chr17_39867492_A_G_b38	Lung	GSDMA	0.388573	1.05079e-12
39867492	rs4795397	chr17_39867492_A_G_b38	Lung	GSDMB	-0.160836	8.87305e-12
39867492	rs4795397	chr17_39867492_A_G_b38	Lung	ORMDL3	-0.206503	1.61905e-14
39867492	rs4795397	chr17_39867492_A_G_b38	Whole_Blood	GSDMB	-0.291154	2.1069499999999997e-51
39867492	rs4795397	chr17_39867492_A_G_b38	Whole_Blood	IKZF3	0.0696978	9.38522e-08
39867492	rs4795397	chr17_39867492_A_G_b38	Whole_Blood	ORMDL3	-0.368604	9.28105e-48
39868373	rs11557466	chr17_39868373_C_T_b38	Lung	GSDMA	0.41193	1.46908e-14
39868373	rs11557466	chr17_39868373_C_T_b38	Lung	GSDMB	-0.167147	5.6146e-13
39868373	rs11557466	chr17_39868373_C_T_b38	Lung	ORMDL3	-0.211143	1.49019e-15
39868373	rs11557466	chr17_39868373_C_T_b38	Whole_Blood	GSDMB	-0.304369	3.51717e-56
39868373	rs11557466	chr17_39868373_C_T_b38	Whole_Blood	IKZF3	0.0724397	3.50372e-08
39868373	rs11557466	chr17_39868373_C_T_b38	Whole_Blood	ORMDL3	-0.381963	4.75061e-51
39868955	rs11078925	chr17_39868955_T_C_b38	Lung	GSDMA	0.41193	1.46908e-14
39868955	rs11078925	chr17_39868955_T_C_b38	Lung	GSDMB	-0.167147	5.6146e-13
39868955	rs11078925	chr17_39868955_T_C_b38	Lung	ORMDL3	-0.211143	1.49019e-15
39868955	rs11078925	chr17_39868955_T_C_b38	Whole_Blood	GSDMB	-0.304369	3.51717e-56
39868955	rs11078925	chr17_39868955_T_C_b38	Whole_Blood	IKZF3	0.0724397	3.50372e-08
39868955	rs11078925	chr17_39868955_T_C_b38	Whole_Blood	ORMDL3	-0.381963	4.75061e-51
39869782	rs34120102	chr17_39869782_G_A_b38	Lung	GSDMA	0.413319	1.14232e-14
39869782	rs34120102	chr17_39869782_G_A_b38	Lung	GSDMB	-0.167969	4.12967e-13
39869782	rs34120102	chr17_39869782_G_A_b38	Lung	ORMDL3	-0.212209	1.00986e-15
39869782	rs34120102	chr17_39869782_G_A_b38	Whole_Blood	GSDMB	-0.302665	2.41272e-55
39869782	rs34120102	chr17_39869782_G_A_b38	Whole_Blood	IKZF3	0.0726122	3.31363e-08
39869782	rs34120102	chr17_39869782_G_A_b38	Whole_Blood	ORMDL3	-0.382632	3.50457e-51
39869916	rs11655198	chr17_39869916_C_T_b38	Lung	GSDMA	0.35911	5.80513e-12
39869916	rs11655198	chr17_39869916_C_T_b38	Lung	GSDMB	-0.205784	8.42683e-21
39869916	rs11655198	chr17_39869916_C_T_b38	Lung	ORMDL3	-0.234458	1.89716e-20
39869916	rs11655198	chr17_39869916_C_T_b38	Whole_Blood	GSDMB	-0.315286	1.84377e-66
39869916	rs11655198	chr17_39869916_C_T_b38	Whole_Blood	IKZF3	0.0745688	4.15517e-09
39869916	rs11655198	chr17_39869916_C_T_b38	Whole_Blood	ORMDL3	-0.366364	4.80536e-50
39870033	rs11650661	chr17_39870033_A_T_b38	Lung	GSDMA	0.35911	5.80513e-12
39870033	rs11650661	chr17_39870033_A_T_b38	Lung	GSDMB	-0.205784	8.42683e-21
39870033	rs11650661	chr17_39870033_A_T_b38	Lung	ORMDL3	-0.234458	1.89716e-20
39870033	rs11650661	chr17_39870033_A_T_b38	Whole_Blood	GSDMB	-0.315286	1.84377e-66
39870033	rs11650661	chr17_39870033_A_T_b38	Whole_Blood	IKZF3	0.0745688	4.15517e-09
39870033	rs11650661	chr17_39870033_A_T_b38	Whole_Blood	ORMDL3	-0.366364	4.80536e-50
39870108	rs11655292	chr17_39870108_C_G_b38	Lung	GSDMA	0.35911	5.80513e-12
39870108	rs11655292	chr17_39870108_C_G_b38	Lung	GSDMB	-0.205784	8.42683e-21
39870108	rs11655292	chr17_39870108_C_G_b38	Lung	ORMDL3	-0.234458	1.89716e-20
39870108	rs11655292	chr17_39870108_C_G_b38	Whole_Blood	GSDMB	-0.315286	1.84377e-66
39870108	rs11655292	chr17_39870108_C_G_b38	Whole_Blood	IKZF3	0.0745688	4.15517e-09
39870108	rs11655292	chr17_39870108_C_G_b38	Whole_Blood	ORMDL3	-0.366364	4.80536e-50
39871147	rs12709365	chr17_39871147_A_G_b38	Lung	GSDMA	0.403213	5.33694e-15
39871147	rs12709365	chr17_39871147_A_G_b38	Lung	GSDMB	-0.167151	6.48265e-14
39871147	rs12709365	chr17_39871147_A_G_b38	Lung	ORMDL3	-0.216811	1.30586e-17
39871147	rs12709365	chr17_39871147_A_G_b38	Whole_Blood	GSDMA	-0.205929	3.56181e-05
39871147	rs12709365	chr17_39871147_A_G_b38	Whole_Blood	GSDMB	-0.294443	1.0935900000000002e-56
39871147	rs12709365	chr17_39871147_A_G_b38	Whole_Blood	IKZF3	0.0712812	1.7707e-08
39871147	rs12709365	chr17_39871147_A_G_b38	Whole_Blood	ORMDL3	-0.368051	5.0259999999999996e-51
39871330	rs13380815	chr17_39871330_A_G_b38	Lung	GSDMA	0.403213	5.33694e-15
39871330	rs13380815	chr17_39871330_A_G_b38	Lung	GSDMB	-0.167151	6.48265e-14
39871330	rs13380815	chr17_39871330_A_G_b38	Lung	ORMDL3	-0.216811	1.30586e-17
39871330	rs13380815	chr17_39871330_A_G_b38	Whole_Blood	GSDMA	-0.205929	3.56181e-05
39871330	rs13380815	chr17_39871330_A_G_b38	Whole_Blood	GSDMB	-0.294443	1.0935900000000002e-56
39871330	rs13380815	chr17_39871330_A_G_b38	Whole_Blood	IKZF3	0.0712812	1.7707e-08
39871330	rs13380815	chr17_39871330_A_G_b38	Whole_Blood	ORMDL3	-0.368051	5.0259999999999996e-51
39872381	rs11557467	chr17_39872381_G_T_b38	Lung	GSDMA	0.367644	1.51044e-12
39872381	rs11557467	chr17_39872381_G_T_b38	Lung	GSDMB	-0.208276	2.05185e-21
39872381	rs11557467	chr17_39872381_G_T_b38	Lung	ORMDL3	-0.232986	2.81428e-20
39872381	rs11557467	chr17_39872381_G_T_b38	Whole_Blood	GSDMB	-0.321875	4.0007800000000003e-69
39872381	rs11557467	chr17_39872381_G_T_b38	Whole_Blood	IKZF3	0.0772777	1.31375e-09
39872381	rs11557467	chr17_39872381_G_T_b38	Whole_Blood	ORMDL3	-0.36849	4.05676e-50
39872867	rs12936231	chr17_39872867_C_G_b38	Lung	GSDMA	0.394242	4.58559e-14
39872867	rs12936231	chr17_39872867_C_G_b38	Lung	GSDMB	-0.208541	4.60795e-21
39872867	rs12936231	chr17_39872867_C_G_b38	Lung	ORMDL3	-0.24953	6.6612e-23
39872867	rs12936231	chr17_39872867_C_G_b38	Whole_Blood	GSDMB	-0.341958	2.1109699999999997e-81
39872867	rs12936231	chr17_39872867_C_G_b38	Whole_Blood	IKZF3	0.0858075	1.25225e-11
39872867	rs12936231	chr17_39872867_C_G_b38	Whole_Blood	ORMDL3	-0.385695	4.268360000000001e-56
39873952	rs11870965	chr17_39873952_T_A_b38	Lung	GSDMA	0.403213	5.33694e-15
39873952	rs11870965	chr17_39873952_T_A_b38	Lung	GSDMB	-0.167151	6.48265e-14
39873952	rs11870965	chr17_39873952_T_A_b38	Lung	ORMDL3	-0.216811	1.30586e-17
39873952	rs11870965	chr17_39873952_T_A_b38	Whole_Blood	GSDMA	-0.205929	3.56181e-05
39873952	rs11870965	chr17_39873952_T_A_b38	Whole_Blood	GSDMB	-0.294443	1.0935900000000002e-56
39873952	rs11870965	chr17_39873952_T_A_b38	Whole_Blood	IKZF3	0.0712812	1.7707e-08
39873952	rs11870965	chr17_39873952_T_A_b38	Whole_Blood	ORMDL3	-0.368051	5.0259999999999996e-51
39874777	rs9903250	chr17_39874777_G_A_b38	Lung	GSDMA	0.35911	5.80513e-12
39874777	rs9903250	chr17_39874777_G_A_b38	Lung	GSDMB	-0.205784	8.42683e-21
39874777	rs9903250	chr17_39874777_G_A_b38	Lung	ORMDL3	-0.234458	1.89716e-20
39874777	rs9903250	chr17_39874777_G_A_b38	Whole_Blood	GSDMB	-0.315286	1.84377e-66
39874777	rs9903250	chr17_39874777_G_A_b38	Whole_Blood	IKZF3	0.0745688	4.15517e-09
39874777	rs9903250	chr17_39874777_G_A_b38	Whole_Blood	ORMDL3	-0.366364	4.80536e-50
39874885	rs9905959	chr17_39874885_A_G_b38	Lung	GSDMA	0.403213	5.33694e-15
39874885	rs9905959	chr17_39874885_A_G_b38	Lung	GSDMB	-0.167151	6.48265e-14
39874885	rs9905959	chr17_39874885_A_G_b38	Lung	ORMDL3	-0.216811	1.30586e-17
39874885	rs9905959	chr17_39874885_A_G_b38	Whole_Blood	GSDMA	-0.205929	3.56181e-05
39874885	rs9905959	chr17_39874885_A_G_b38	Whole_Blood	GSDMB	-0.294443	1.0935900000000002e-56
39874885	rs9905959	chr17_39874885_A_G_b38	Whole_Blood	IKZF3	0.0712812	1.7707e-08
39874885	rs9905959	chr17_39874885_A_G_b38	Whole_Blood	ORMDL3	-0.368051	5.0259999999999996e-51
39874911	rs11658278	chr17_39874911_T_C_b38	Lung	GSDMA	0.370392	9.44296e-13
39874911	rs11658278	chr17_39874911_T_C_b38	Lung	GSDMB	-0.207867	2.22272e-21
39874911	rs11658278	chr17_39874911_T_C_b38	Lung	ORMDL3	-0.231836	4.0204399999999994e-20
39874911	rs11658278	chr17_39874911_T_C_b38	Whole_Blood	GSDMB	-0.324255	8.957249999999999e-71
39874911	rs11658278	chr17_39874911_T_C_b38	Whole_Blood	IKZF3	0.0775919	1.04176e-09
39874911	rs11658278	chr17_39874911_T_C_b38	Whole_Blood	ORMDL3	-0.372007	1.80743e-51
39875421	rs10852935	chr17_39875421_C_T_b38	Lung	GSDMA	0.41193	1.46908e-14
39875421	rs10852935	chr17_39875421_C_T_b38	Lung	GSDMB	-0.167147	5.6146e-13
39875421	rs10852935	chr17_39875421_C_T_b38	Lung	ORMDL3	-0.211143	1.49019e-15
39875421	rs10852935	chr17_39875421_C_T_b38	Whole_Blood	GSDMB	-0.304369	3.51717e-56
39875421	rs10852935	chr17_39875421_C_T_b38	Whole_Blood	IKZF3	0.0724397	3.50372e-08
39875421	rs10852935	chr17_39875421_C_T_b38	Whole_Blood	ORMDL3	-0.381963	4.75061e-51
39875461	rs10852936	chr17_39875461_C_T_b38	Lung	GSDMA	0.403213	5.33694e-15
39875461	rs10852936	chr17_39875461_C_T_b38	Lung	GSDMB	-0.167151	6.48265e-14
39875461	rs10852936	chr17_39875461_C_T_b38	Lung	ORMDL3	-0.216811	1.30586e-17
39875461	rs10852936	chr17_39875461_C_T_b38	Whole_Blood	GSDMA	-0.205929	3.56181e-05
39875461	rs10852936	chr17_39875461_C_T_b38	Whole_Blood	GSDMB	-0.294443	1.0935900000000002e-56
39875461	rs10852936	chr17_39875461_C_T_b38	Whole_Blood	IKZF3	0.0712812	1.7707e-08
39875461	rs10852936	chr17_39875461_C_T_b38	Whole_Blood	ORMDL3	-0.368051	5.0259999999999996e-51
39875549	rs9891174	chr17_39875549_T_A_b38	Lung	GSDMA	0.397614	1.18462e-14
39875549	rs9891174	chr17_39875549_T_A_b38	Lung	GSDMB	-0.168658	3.32522e-14
39875549	rs9891174	chr17_39875549_T_A_b38	Lung	ORMDL3	-0.216228	1.39867e-17
39875549	rs9891174	chr17_39875549_T_A_b38	Whole_Blood	GSDMA	-0.208277	2.91493e-05
39875549	rs9891174	chr17_39875549_T_A_b38	Whole_Blood	GSDMB	-0.296229	1.87227e-57
39875549	rs9891174	chr17_39875549_T_A_b38	Whole_Blood	IKZF3	0.0730469	7.75737e-09
39875549	rs9891174	chr17_39875549_T_A_b38	Whole_Blood	ORMDL3	-0.366204	2.2631e-50
39876207	rs34189114	chr17_39876207_C_T_b38	Lung	GSDMA	0.41193	1.46908e-14
39876207	rs34189114	chr17_39876207_C_T_b38	Lung	GSDMB	-0.167147	5.6146e-13
39876207	rs34189114	chr17_39876207_C_T_b38	Lung	ORMDL3	-0.211143	1.49019e-15
39876207	rs34189114	chr17_39876207_C_T_b38	Whole_Blood	GSDMB	-0.304369	3.51717e-56
39876207	rs34189114	chr17_39876207_C_T_b38	Whole_Blood	IKZF3	0.0724397	3.50372e-08
39876207	rs34189114	chr17_39876207_C_T_b38	Whole_Blood	ORMDL3	-0.381963	4.75061e-51
39876427	rs35736272	chr17_39876427_T_C_b38	Lung	GSDMA	0.413319	1.14232e-14
39876427	rs35736272	chr17_39876427_T_C_b38	Lung	GSDMB	-0.167969	4.12967e-13
39876427	rs35736272	chr17_39876427_T_C_b38	Lung	ORMDL3	-0.212209	1.00986e-15
39876427	rs35736272	chr17_39876427_T_C_b38	Whole_Blood	GSDMB	-0.302665	2.41272e-55
39876427	rs35736272	chr17_39876427_T_C_b38	Whole_Blood	IKZF3	0.0726122	3.31363e-08
39876427	rs35736272	chr17_39876427_T_C_b38	Whole_Blood	ORMDL3	-0.382632	3.50457e-51
39877024	rs1054609	chr17_39877024_A_C_b38	Lung	GSDMA	0.403213	5.33694e-15
39877024	rs1054609	chr17_39877024_A_C_b38	Lung	GSDMB	-0.167151	6.48265e-14
39877024	rs1054609	chr17_39877024_A_C_b38	Lung	ORMDL3	-0.216811	1.30586e-17
39877024	rs1054609	chr17_39877024_A_C_b38	Whole_Blood	GSDMA	-0.205929	3.56181e-05
39877024	rs1054609	chr17_39877024_A_C_b38	Whole_Blood	GSDMB	-0.294443	1.0935900000000002e-56
39877024	rs1054609	chr17_39877024_A_C_b38	Whole_Blood	IKZF3	0.0712812	1.7707e-08
39877024	rs1054609	chr17_39877024_A_C_b38	Whole_Blood	ORMDL3	-0.368051	5.0259999999999996e-51
39878863	rs9907088	chr17_39878863_G_A_b38	Lung	GSDMA	0.400764	7.77626e-15
39878863	rs9907088	chr17_39878863_G_A_b38	Lung	GSDMB	-0.164624	1.57734e-13
39878863	rs9907088	chr17_39878863_G_A_b38	Lung	ORMDL3	-0.212896	5.31319e-17
39878863	rs9907088	chr17_39878863_G_A_b38	Whole_Blood	GSDMA	-0.201788	5.09076e-05
39878863	rs9907088	chr17_39878863_G_A_b38	Whole_Blood	GSDMB	-0.29322	3.5738400000000003e-56
39878863	rs9907088	chr17_39878863_G_A_b38	Whole_Blood	IKZF3	0.0707254	2.26983e-08
39878863	rs9907088	chr17_39878863_G_A_b38	Whole_Blood	ORMDL3	-0.367464	7.041069999999999e-51
39879117	rs36038753	chr17_39879117_G_T_b38	Lung	GSDMA	0.400764	7.77626e-15
39879117	rs36038753	chr17_39879117_G_T_b38	Lung	GSDMB	-0.164624	1.57734e-13
39879117	rs36038753	chr17_39879117_G_T_b38	Lung	ORMDL3	-0.212896	5.31319e-17
39879117	rs36038753	chr17_39879117_G_T_b38	Whole_Blood	GSDMA	-0.201788	5.09076e-05
39879117	rs36038753	chr17_39879117_G_T_b38	Whole_Blood	GSDMB	-0.29322	3.5738400000000003e-56
39879117	rs36038753	chr17_39879117_G_T_b38	Whole_Blood	IKZF3	0.0707254	2.26983e-08
39879117	rs36038753	chr17_39879117_G_T_b38	Whole_Blood	ORMDL3	-0.367464	7.041069999999999e-51
39879371	rs35569035	chr17_39879371_C_T_b38	Lung	GSDMA	0.413319	1.14232e-14
39879371	rs35569035	chr17_39879371_C_T_b38	Lung	GSDMB	-0.167969	4.12967e-13
39879371	rs35569035	chr17_39879371_C_T_b38	Lung	ORMDL3	-0.212209	1.00986e-15
39879371	rs35569035	chr17_39879371_C_T_b38	Whole_Blood	GSDMB	-0.303275	1.4237e-55
39879371	rs35569035	chr17_39879371_C_T_b38	Whole_Blood	IKZF3	0.0732309	2.53759e-08
39879371	rs35569035	chr17_39879371_C_T_b38	Whole_Blood	ORMDL3	-0.383498	2.0267899999999998e-51
39879395	rs9910826	chr17_39879395_A_G_b38	Lung	GSDMA	0.400764	7.77626e-15
39879395	rs9910826	chr17_39879395_A_G_b38	Lung	GSDMB	-0.164624	1.57734e-13
39879395	rs9910826	chr17_39879395_A_G_b38	Lung	ORMDL3	-0.212896	5.31319e-17
39879395	rs9910826	chr17_39879395_A_G_b38	Whole_Blood	GSDMA	-0.201788	5.09076e-05
39879395	rs9910826	chr17_39879395_A_G_b38	Whole_Blood	GSDMB	-0.29322	3.5738400000000003e-56
39879395	rs9910826	chr17_39879395_A_G_b38	Whole_Blood	IKZF3	0.0707254	2.26983e-08
39879395	rs9910826	chr17_39879395_A_G_b38	Whole_Blood	ORMDL3	-0.367464	7.041069999999999e-51
39880333	rs9904624	chr17_39880333_A_G_b38	Lung	GSDMA	0.400764	7.77626e-15
39880333	rs9904624	chr17_39880333_A_G_b38	Lung	GSDMB	-0.164624	1.57734e-13
39880333	rs9904624	chr17_39880333_A_G_b38	Lung	ORMDL3	-0.212896	5.31319e-17
39880333	rs9904624	chr17_39880333_A_G_b38	Whole_Blood	GSDMA	-0.201788	5.09076e-05
39880333	rs9904624	chr17_39880333_A_G_b38	Whole_Blood	GSDMB	-0.29322	3.5738400000000003e-56
39880333	rs9904624	chr17_39880333_A_G_b38	Whole_Blood	IKZF3	0.0707254	2.26983e-08
39880333	rs9904624	chr17_39880333_A_G_b38	Whole_Blood	ORMDL3	-0.367464	7.041069999999999e-51
39881926	rs4795398	chr17_39881926_C_T_b38	Lung	GSDMA	0.413319	1.14232e-14
39881926	rs4795398	chr17_39881926_C_T_b38	Lung	GSDMB	-0.167969	4.12967e-13
39881926	rs4795398	chr17_39881926_C_T_b38	Lung	ORMDL3	-0.212209	1.00986e-15
39881926	rs4795398	chr17_39881926_C_T_b38	Whole_Blood	GSDMB	-0.303275	1.4237e-55
39881926	rs4795398	chr17_39881926_C_T_b38	Whole_Blood	IKZF3	0.0732309	2.53759e-08
39881926	rs4795398	chr17_39881926_C_T_b38	Whole_Blood	ORMDL3	-0.383498	2.0267899999999998e-51
39883866	rs12232497	chr17_39883866_T_C_b38	Lung	GSDMA	0.413319	1.14232e-14
39883866	rs12232497	chr17_39883866_T_C_b38	Lung	GSDMB	-0.167969	4.12967e-13
39883866	rs12232497	chr17_39883866_T_C_b38	Lung	ORMDL3	-0.212209	1.00986e-15
39883866	rs12232497	chr17_39883866_T_C_b38	Whole_Blood	GSDMB	-0.302665	2.41272e-55
39883866	rs12232497	chr17_39883866_T_C_b38	Whole_Blood	IKZF3	0.0726122	3.31363e-08
39883866	rs12232497	chr17_39883866_T_C_b38	Whole_Blood	ORMDL3	-0.382632	3.50457e-51
39884110	rs12232498	chr17_39884110_T_C_b38	Lung	GSDMA	0.400764	7.77626e-15
39884110	rs12232498	chr17_39884110_T_C_b38	Lung	GSDMB	-0.164624	1.57734e-13
39884110	rs12232498	chr17_39884110_T_C_b38	Lung	ORMDL3	-0.212896	5.31319e-17
39884110	rs12232498	chr17_39884110_T_C_b38	Whole_Blood	GSDMA	-0.201788	5.09076e-05
39884110	rs12232498	chr17_39884110_T_C_b38	Whole_Blood	GSDMB	-0.29322	3.5738400000000003e-56
39884110	rs12232498	chr17_39884110_T_C_b38	Whole_Blood	IKZF3	0.0707254	2.26983e-08
39884110	rs12232498	chr17_39884110_T_C_b38	Whole_Blood	ORMDL3	-0.367464	7.041069999999999e-51
39884281	rs12941333	chr17_39884281_C_T_b38	Lung	GSDMA	0.400764	7.77626e-15
39884281	rs12941333	chr17_39884281_C_T_b38	Lung	GSDMB	-0.164624	1.57734e-13
39884281	rs12941333	chr17_39884281_C_T_b38	Lung	ORMDL3	-0.212896	5.31319e-17
39884281	rs12941333	chr17_39884281_C_T_b38	Whole_Blood	GSDMA	-0.201788	5.09076e-05
39884281	rs12941333	chr17_39884281_C_T_b38	Whole_Blood	GSDMB	-0.29322	3.5738400000000003e-56
39884281	rs12941333	chr17_39884281_C_T_b38	Whole_Blood	IKZF3	0.0707254	2.26983e-08
39884281	rs12941333	chr17_39884281_C_T_b38	Whole_Blood	ORMDL3	-0.367464	7.041069999999999e-51
39884510	rs2872507	chr17_39884510_G_A_b38	Lung	GSDMA	0.400764	7.77626e-15
39884510	rs2872507	chr17_39884510_G_A_b38	Lung	GSDMB	-0.164624	1.57734e-13
39884510	rs2872507	chr17_39884510_G_A_b38	Lung	ORMDL3	-0.212896	5.31319e-17
39884510	rs2872507	chr17_39884510_G_A_b38	Whole_Blood	GSDMA	-0.201788	5.09076e-05
39884510	rs2872507	chr17_39884510_G_A_b38	Whole_Blood	GSDMB	-0.29322	3.5738400000000003e-56
39884510	rs2872507	chr17_39884510_G_A_b38	Whole_Blood	IKZF3	0.0707254	2.26983e-08
39884510	rs2872507	chr17_39884510_G_A_b38	Whole_Blood	ORMDL3	-0.367464	7.041069999999999e-51
39886524	rs9908132	chr17_39886524_T_A_b38	Lung	GSDMA	0.367644	1.51044e-12
39886524	rs9908132	chr17_39886524_T_A_b38	Lung	GSDMB	-0.208276	2.05185e-21
39886524	rs9908132	chr17_39886524_T_A_b38	Lung	ORMDL3	-0.232986	2.81428e-20
39886524	rs9908132	chr17_39886524_T_A_b38	Whole_Blood	GSDMB	-0.322031	1.9277500000000001e-69
39886524	rs9908132	chr17_39886524_T_A_b38	Whole_Blood	IKZF3	0.0782911	7.45486e-10
39886524	rs9908132	chr17_39886524_T_A_b38	Whole_Blood	ORMDL3	-0.367799	4.72616e-50
39887090	rs9901146	chr17_39887090_G_A_b38	Lung	GSDMA	0.367644	1.51044e-12
39887090	rs9901146	chr17_39887090_G_A_b38	Lung	GSDMB	-0.208276	2.05185e-21
39887090	rs9901146	chr17_39887090_G_A_b38	Lung	ORMDL3	-0.232986	2.81428e-20
39887090	rs9901146	chr17_39887090_G_A_b38	Whole_Blood	GSDMB	-0.322031	1.9277500000000001e-69
39887090	rs9901146	chr17_39887090_G_A_b38	Whole_Blood	IKZF3	0.0782911	7.45486e-10
39887090	rs9901146	chr17_39887090_G_A_b38	Whole_Blood	ORMDL3	-0.367799	4.72616e-50
39887396	rs12936409	chr17_39887396_C_T_b38	Lung	GSDMA	0.413319	1.14232e-14
39887396	rs12936409	chr17_39887396_C_T_b38	Lung	GSDMB	-0.167969	4.12967e-13
39887396	rs12936409	chr17_39887396_C_T_b38	Lung	ORMDL3	-0.212209	1.00986e-15
39887396	rs12936409	chr17_39887396_C_T_b38	Whole_Blood	GSDMB	-0.303275	1.4237e-55
39887396	rs12936409	chr17_39887396_C_T_b38	Whole_Blood	IKZF3	0.0732309	2.53759e-08
39887396	rs12936409	chr17_39887396_C_T_b38	Whole_Blood	ORMDL3	-0.383498	2.0267899999999998e-51
39889472	rs12103884	chr17_39889472_C_T_b38	Lung	GSDMA	0.367644	1.51044e-12
39889472	rs12103884	chr17_39889472_C_T_b38	Lung	GSDMB	-0.208276	2.05185e-21
39889472	rs12103884	chr17_39889472_C_T_b38	Lung	ORMDL3	-0.232986	2.81428e-20
39889472	rs12103884	chr17_39889472_C_T_b38	Whole_Blood	GSDMB	-0.322031	1.9277500000000001e-69
39889472	rs12103884	chr17_39889472_C_T_b38	Whole_Blood	IKZF3	0.0782911	7.45486e-10
39889472	rs12103884	chr17_39889472_C_T_b38	Whole_Blood	ORMDL3	-0.367799	4.72616e-50
39891991	rs9906951	chr17_39891991_T_C_b38	Lung	GSDMA	0.373385	6.65685e-13
39891991	rs9906951	chr17_39891991_T_C_b38	Lung	GSDMB	-0.209523	1.1826999999999998e-21
39891991	rs9906951	chr17_39891991_T_C_b38	Lung	ORMDL3	-0.233846	2.0902e-20
39891991	rs9906951	chr17_39891991_T_C_b38	Whole_Blood	GSDMB	-0.324827	2.2687000000000002e-70
39891991	rs9906951	chr17_39891991_T_C_b38	Whole_Blood	IKZF3	0.0788392	6.46558e-10
39891991	rs9906951	chr17_39891991_T_C_b38	Whole_Blood	ORMDL3	-0.37489	6.36757e-52
39892849	rs12950209	chr17_39892849_T_C_b38	Lung	GSDMA	0.371083	1.21801e-12
39892849	rs12950209	chr17_39892849_T_C_b38	Lung	GSDMB	-0.208156	3.7191599999999995e-21
39892849	rs12950209	chr17_39892849_T_C_b38	Lung	ORMDL3	-0.232523	5.60713e-20
39892849	rs12950209	chr17_39892849_T_C_b38	Whole_Blood	GSDMB	-0.323008	1.33086e-69
39892849	rs12950209	chr17_39892849_T_C_b38	Whole_Blood	IKZF3	0.0786257	6.83897e-10
39892849	rs12950209	chr17_39892849_T_C_b38	Whole_Blood	ORMDL3	-0.37026	1.37968e-50
39892980	rs12950743	chr17_39892980_T_C_b38	Lung	GSDMA	0.370551	1.08128e-12
39892980	rs12950743	chr17_39892980_T_C_b38	Lung	GSDMB	-0.209067	1.66415e-21
39892980	rs12950743	chr17_39892980_T_C_b38	Lung	ORMDL3	-0.234618	1.70361e-20
39892980	rs12950743	chr17_39892980_T_C_b38	Whole_Blood	GSDMB	-0.322943	1.36686e-69
39892980	rs12950743	chr17_39892980_T_C_b38	Whole_Blood	IKZF3	0.0778971	9.86292e-10
39892980	rs12950743	chr17_39892980_T_C_b38	Whole_Blood	ORMDL3	-0.370207	1.3825999999999998e-50
39893336	rs7359623	chr17_39893336_C_T_b38	Lung	GSDMA	0.370467	1.50254e-12
39893336	rs7359623	chr17_39893336_C_T_b38	Lung	GSDMB	-0.206688	9.29918e-21
39893336	rs7359623	chr17_39893336_C_T_b38	Lung	ORMDL3	-0.232172	7.92198e-20
39893336	rs7359623	chr17_39893336_C_T_b38	Whole_Blood	GSDMB	-0.322399	9.18799e-70
39893336	rs7359623	chr17_39893336_C_T_b38	Whole_Blood	IKZF3	0.0763772	1.91207e-09
39893336	rs7359623	chr17_39893336_C_T_b38	Whole_Blood	ORMDL3	-0.369849	8.715289999999999e-51
39895095	rs8067378	chr17_39895095_A_G_b38	Lung	GSDMA	0.394704	4.98413e-14
39895095	rs8067378	chr17_39895095_A_G_b38	Lung	GSDMB	-0.210472	2.35876e-21
39895095	rs8067378	chr17_39895095_A_G_b38	Lung	ORMDL3	-0.248738	1.2390999999999999e-22
39895095	rs8067378	chr17_39895095_A_G_b38	Whole_Blood	GSDMB	-0.34325	6.0318e-82
39895095	rs8067378	chr17_39895095_A_G_b38	Whole_Blood	IKZF3	0.0865262	8.8645e-12
39895095	rs8067378	chr17_39895095_A_G_b38	Whole_Blood	ORMDL3	-0.386275	4.0062700000000003e-56
39896954	rs12453507	chr17_39896954_C_G_b38	Lung	GSDMA	0.392732	2.15229e-14
39896954	rs12453507	chr17_39896954_C_G_b38	Lung	GSDMB	-0.205133	4.86934e-21
39896954	rs12453507	chr17_39896954_C_G_b38	Lung	ORMDL3	-0.233395	1.2660599999999999e-20
39896954	rs12453507	chr17_39896954_C_G_b38	Whole_Blood	GSDMB	-0.317179	8.573740000000001e-67
39896954	rs12453507	chr17_39896954_C_G_b38	Whole_Blood	IKZF3	0.0765686	1.79369e-09
39896954	rs12453507	chr17_39896954_C_G_b38	Whole_Blood	ORMDL3	-0.364881	4.0951499999999996e-49
39899863	rs11651596	chr17_39899863_T_C_b38	Lung	GSDMA	0.429816	4.08522e-16
39899863	rs11651596	chr17_39899863_T_C_b38	Lung	GSDMB	-0.172403	5.05975e-14
39899863	rs11651596	chr17_39899863_T_C_b38	Lung	ORMDL3	-0.211836	5.85413e-16
39899863	rs11651596	chr17_39899863_T_C_b38	Whole_Blood	GSDMB	-0.302113	8.58242e-56
39899863	rs11651596	chr17_39899863_T_C_b38	Whole_Blood	IKZF3	0.0730637	2.28373e-08
39899863	rs11651596	chr17_39899863_T_C_b38	Whole_Blood	ORMDL3	-0.376898	5.19638e-50
39900936	rs12949100	chr17_39900936_G_A_b38	Lung	GSDMA	0.432243	1.18483e-15
39900936	rs12949100	chr17_39900936_G_A_b38	Lung	GSDMB	-0.17647	4.27602e-14
39900936	rs12949100	chr17_39900936_G_A_b38	Lung	ORMDL3	-0.222485	7.12665e-17
39900936	rs12949100	chr17_39900936_G_A_b38	Whole_Blood	GSDMB	-0.301595	8.02588e-54
39900936	rs12949100	chr17_39900936_G_A_b38	Whole_Blood	IKZF3	0.0703675	1.12982e-07
39900936	rs12949100	chr17_39900936_G_A_b38	Whole_Blood	ORMDL3	-0.389873	1.79448e-52
39900944	rs8069176	chr17_39900944_G_A_b38	Lung	GSDMA	0.426265	1.08061e-16
39900944	rs8069176	chr17_39900944_G_A_b38	Lung	GSDMB	-0.173077	7.41124e-15
39900944	rs8069176	chr17_39900944_G_A_b38	Lung	ORMDL3	-0.21794	9.015980000000001e-18
39900944	rs8069176	chr17_39900944_G_A_b38	Whole_Blood	GSDMB	-0.296824	4.08476e-57
39900944	rs8069176	chr17_39900944_G_A_b38	Whole_Blood	IKZF3	0.0726923	1.07428e-08
39900944	rs8069176	chr17_39900944_G_A_b38	Whole_Blood	ORMDL3	-0.369868	5.0421099999999994e-51
39905186	rs4795399	chr17_39905186_T_C_b38	Lung	GSDMA	0.43533	6.34327e-16
39905186	rs4795399	chr17_39905186_T_C_b38	Lung	GSDMB	-0.175341	5.70981e-14
39905186	rs4795399	chr17_39905186_T_C_b38	Lung	ORMDL3	-0.220484	1.24067e-16
39905186	rs4795399	chr17_39905186_T_C_b38	Whole_Blood	GSDMB	-0.300835	7.102030000000001e-54
39905186	rs4795399	chr17_39905186_T_C_b38	Whole_Blood	IKZF3	0.0699408	1.24027e-07
39905186	rs4795399	chr17_39905186_T_C_b38	Whole_Blood	ORMDL3	-0.38433	4.3614099999999994e-51
39905943	rs2305480	chr17_39905943_G_A_b38	Lung	GSDMA	0.43533	6.34327e-16
39905943	rs2305480	chr17_39905943_G_A_b38	Lung	GSDMB	-0.175341	5.70981e-14
39905943	rs2305480	chr17_39905943_G_A_b38	Lung	ORMDL3	-0.220484	1.24067e-16
39905943	rs2305480	chr17_39905943_G_A_b38	Whole_Blood	GSDMB	-0.300835	7.102030000000001e-54
39905943	rs2305480	chr17_39905943_G_A_b38	Whole_Blood	IKZF3	0.0699408	1.24027e-07
39905943	rs2305480	chr17_39905943_G_A_b38	Whole_Blood	ORMDL3	-0.38433	4.3614099999999994e-51
39905964	rs2305479	chr17_39905964_C_T_b38	Lung	GSDMA	0.385479	1.19096e-12
39905964	rs2305479	chr17_39905964_C_T_b38	Lung	GSDMB	-0.218099	1.4986999999999999e-21
39905964	rs2305479	chr17_39905964_C_T_b38	Lung	ORMDL3	-0.241431	5.635519999999999e-20
39905964	rs2305479	chr17_39905964_C_T_b38	Whole_Blood	GSDMB	-0.320982	2.58205e-63
39905964	rs2305479	chr17_39905964_C_T_b38	Whole_Blood	IKZF3	0.0732158	2.83646e-08
39905964	rs2305479	chr17_39905964_C_T_b38	Whole_Blood	ORMDL3	-0.378572	1.6175599999999998e-49
39906691	rs56750287	chr17_39906691_A_C_b38	Lung	GSDMA	0.437508	4.37678e-16
39906691	rs56750287	chr17_39906691_A_C_b38	Lung	GSDMB	-0.177902	2.28942e-14
39906691	rs56750287	chr17_39906691_A_C_b38	Lung	ORMDL3	-0.224508	3.0527e-17
39906691	rs56750287	chr17_39906691_A_C_b38	Whole_Blood	GSDMA	-0.19731	0.000148292
39906691	rs56750287	chr17_39906691_A_C_b38	Whole_Blood	GSDMB	-0.301482	3.01768e-54
39906691	rs56750287	chr17_39906691_A_C_b38	Whole_Blood	IKZF3	0.0703844	1.00481e-07
39906691	rs56750287	chr17_39906691_A_C_b38	Whole_Blood	ORMDL3	-0.384102	4.1851599999999996e-51
39906723	rs11078926	chr17_39906723_G_A_b38	Lung	GSDMA	0.43533	6.34327e-16
39906723	rs11078926	chr17_39906723_G_A_b38	Lung	GSDMB	-0.175341	5.70981e-14
39906723	rs11078926	chr17_39906723_G_A_b38	Lung	ORMDL3	-0.220484	1.24067e-16
39906723	rs11078926	chr17_39906723_G_A_b38	Whole_Blood	GSDMB	-0.300835	7.102030000000001e-54
39906723	rs11078926	chr17_39906723_G_A_b38	Whole_Blood	IKZF3	0.0699408	1.24027e-07
39906723	rs11078926	chr17_39906723_G_A_b38	Whole_Blood	ORMDL3	-0.38433	4.3614099999999994e-51
39907128	rs883770	chr17_39907128_C_T_b38	Lung	GSDMA	0.385479	1.19096e-12
39907128	rs883770	chr17_39907128_C_T_b38	Lung	GSDMB	-0.218099	1.4986999999999999e-21
39907128	rs883770	chr17_39907128_C_T_b38	Lung	ORMDL3	-0.241431	5.635519999999999e-20
39907128	rs883770	chr17_39907128_C_T_b38	Whole_Blood	GSDMB	-0.320982	2.58205e-63
39907128	rs883770	chr17_39907128_C_T_b38	Whole_Blood	IKZF3	0.0732158	2.83646e-08
39907128	rs883770	chr17_39907128_C_T_b38	Whole_Blood	ORMDL3	-0.378572	1.6175599999999998e-49
39907485	rs62067034	chr17_39907485_C_T_b38	Lung	GSDMA	0.385479	1.19096e-12
39907485	rs62067034	chr17_39907485_C_T_b38	Lung	GSDMB	-0.218099	1.4986999999999999e-21
39907485	rs62067034	chr17_39907485_C_T_b38	Lung	ORMDL3	-0.241431	5.635519999999999e-20
39907485	rs62067034	chr17_39907485_C_T_b38	Whole_Blood	GSDMB	-0.320982	2.58205e-63
39907485	rs62067034	chr17_39907485_C_T_b38	Whole_Blood	IKZF3	0.0732158	2.83646e-08
39907485	rs62067034	chr17_39907485_C_T_b38	Whole_Blood	ORMDL3	-0.378572	1.6175599999999998e-49
39907676	rs36000226	chr17_39907676_T_C_b38	Lung	GSDMA	0.385479	1.19096e-12
39907676	rs36000226	chr17_39907676_T_C_b38	Lung	GSDMB	-0.218099	1.4986999999999999e-21
39907676	rs36000226	chr17_39907676_T_C_b38	Lung	ORMDL3	-0.241431	5.635519999999999e-20
39907676	rs36000226	chr17_39907676_T_C_b38	Whole_Blood	GSDMB	-0.320982	2.58205e-63
39907676	rs36000226	chr17_39907676_T_C_b38	Whole_Blood	IKZF3	0.0732158	2.83646e-08
39907676	rs36000226	chr17_39907676_T_C_b38	Whole_Blood	ORMDL3	-0.378572	1.6175599999999998e-49
39908152	rs11078927	chr17_39908152_C_T_b38	Lung	GSDMA	0.432243	1.18483e-15
39908152	rs11078927	chr17_39908152_C_T_b38	Lung	GSDMB	-0.17647	4.27602e-14
39908152	rs11078927	chr17_39908152_C_T_b38	Lung	ORMDL3	-0.222485	7.12665e-17
39908152	rs11078927	chr17_39908152_C_T_b38	Whole_Blood	GSDMB	-0.298321	1.36617e-52
39908152	rs11078927	chr17_39908152_C_T_b38	Whole_Blood	IKZF3	0.0695009	1.57315e-07
39908152	rs11078927	chr17_39908152_C_T_b38	Whole_Blood	ORMDL3	-0.387627	6.6641799999999996e-52
39908216	rs11078928	chr17_39908216_T_C_b38	Lung	GSDMA	0.432243	1.18483e-15
39908216	rs11078928	chr17_39908216_T_C_b38	Lung	GSDMB	-0.17647	4.27602e-14
39908216	rs11078928	chr17_39908216_T_C_b38	Lung	ORMDL3	-0.222485	7.12665e-17
39908216	rs11078928	chr17_39908216_T_C_b38	Whole_Blood	GSDMB	-0.298321	1.36617e-52
39908216	rs11078928	chr17_39908216_T_C_b38	Whole_Blood	IKZF3	0.0695009	1.57315e-07
39908216	rs11078928	chr17_39908216_T_C_b38	Whole_Blood	ORMDL3	-0.387627	6.6641799999999996e-52
39908623	rs12939832	chr17_39908623_G_A_b38	Lung	GSDMA	0.432243	1.18483e-15
39908623	rs12939832	chr17_39908623_G_A_b38	Lung	GSDMB	-0.17647	4.27602e-14
39908623	rs12939832	chr17_39908623_G_A_b38	Lung	ORMDL3	-0.222485	7.12665e-17
39908623	rs12939832	chr17_39908623_G_A_b38	Whole_Blood	GSDMB	-0.298321	1.36617e-52
39908623	rs12939832	chr17_39908623_G_A_b38	Whole_Blood	IKZF3	0.0695009	1.57315e-07
39908623	rs12939832	chr17_39908623_G_A_b38	Whole_Blood	ORMDL3	-0.387627	6.6641799999999996e-52
39909987	rs2290400	chr17_39909987_T_C_b38	Lung	GSDMA	0.39622	2.83953e-14
39909987	rs2290400	chr17_39909987_T_C_b38	Lung	GSDMB	-0.208148	4.25452e-21
39909987	rs2290400	chr17_39909987_T_C_b38	Lung	ORMDL3	-0.254009	6.66243e-24
39909987	rs2290400	chr17_39909987_T_C_b38	Whole_Blood	GSDMB	-0.324422	9.15652e-73
39909987	rs2290400	chr17_39909987_T_C_b38	Whole_Blood	IKZF3	0.0778964	5.91182e-10
39909987	rs2290400	chr17_39909987_T_C_b38	Whole_Blood	ORMDL3	-0.377067	1.91773e-54
39910014	rs1008723	chr17_39910014_G_T_b38	Lung	GSDMA	0.375754	5.74845e-13
39910014	rs1008723	chr17_39910014_G_T_b38	Lung	GSDMB	-0.212233	4.58207e-22
39910014	rs1008723	chr17_39910014_G_T_b38	Lung	ORMDL3	-0.240599	1.82263e-21
39910014	rs1008723	chr17_39910014_G_T_b38	Whole_Blood	GSDMB	-0.309439	1.4409900000000001e-63
39910014	rs1008723	chr17_39910014_G_T_b38	Whole_Blood	IKZF3	0.0720618	1.34634e-08
39910014	rs1008723	chr17_39910014_G_T_b38	Whole_Blood	ORMDL3	-0.366907	2.52278e-50
39910119	rs56380902	chr17_39910119_T_C_b38	Lung	GSDMA	0.396298	5.31086e-14
39910119	rs56380902	chr17_39910119_T_C_b38	Lung	GSDMB	-0.211694	2.19266e-21
39910119	rs56380902	chr17_39910119_T_C_b38	Lung	ORMDL3	-0.24986	1.31696e-22
39910119	rs56380902	chr17_39910119_T_C_b38	Whole_Blood	GSDMB	-0.324085	1.57101e-71
39910119	rs56380902	chr17_39910119_T_C_b38	Whole_Blood	IKZF3	0.0765553	1.46835e-09
39910119	rs56380902	chr17_39910119_T_C_b38	Whole_Blood	ORMDL3	-0.37699	1.0645e-53
39910767	rs4795400	chr17_39910767_C_T_b38	Lung	GSDMA	0.425652	1.39876e-15
39910767	rs4795400	chr17_39910767_C_T_b38	Lung	GSDMB	-0.174289	4.13094e-14
39910767	rs4795400	chr17_39910767_C_T_b38	Lung	ORMDL3	-0.217769	1.34949e-16
39910767	rs4795400	chr17_39910767_C_T_b38	Whole_Blood	GSDMB	-0.296788	1.069e-52
39910767	rs4795400	chr17_39910767_C_T_b38	Whole_Blood	IKZF3	0.069828	1.14825e-07
39910767	rs4795400	chr17_39910767_C_T_b38	Whole_Blood	ORMDL3	-0.380489	2.1495999999999997e-50
39911280	rs4795401	chr17_39911280_A_G_b38	Lung	GSDMA	0.372718	1.35724e-12
39911280	rs4795401	chr17_39911280_A_G_b38	Lung	GSDMB	-0.21334	5.80244e-22
39911280	rs4795401	chr17_39911280_A_G_b38	Lung	ORMDL3	-0.240541	3.95488e-21
39911280	rs4795401	chr17_39911280_A_G_b38	Whole_Blood	GSDMB	-0.311959	1.07751e-63
39911280	rs4795401	chr17_39911280_A_G_b38	Whole_Blood	IKZF3	0.071033	2.77657e-08
39911280	rs4795401	chr17_39911280_A_G_b38	Whole_Blood	ORMDL3	-0.369618	2.48843e-50
39911790	rs869402	chr17_39911790_T_C_b38	Lung	GSDMA	-0.384002	1.08688e-12
39911790	rs869402	chr17_39911790_T_C_b38	Lung	GSDMB	0.214809	3.97628e-21
39911790	rs869402	chr17_39911790_T_C_b38	Lung	ORMDL3	0.240614	4.6208299999999994e-20
39911790	rs869402	chr17_39911790_T_C_b38	Whole_Blood	GSDMB	0.322072	3.05958e-63
39911790	rs869402	chr17_39911790_T_C_b38	Whole_Blood	IKZF3	-0.0717466	6.11005e-08
39911790	rs869402	chr17_39911790_T_C_b38	Whole_Blood	ORMDL3	0.381541	5.63587e-50
39912261	rs1011082	chr17_39912261_T_C_b38	Lung	GSDMA	-0.380335	4.99927e-13
39912261	rs1011082	chr17_39912261_T_C_b38	Lung	GSDMB	0.21206	1.35187e-21
39912261	rs1011082	chr17_39912261_T_C_b38	Lung	ORMDL3	0.241051	3.9765899999999995e-21
39912261	rs1011082	chr17_39912261_T_C_b38	Whole_Blood	GSDMB	0.310851	6.6243100000000005e-62
39912261	rs1011082	chr17_39912261_T_C_b38	Whole_Blood	IKZF3	-0.0691871	8.18029e-08
39912261	rs1011082	chr17_39912261_T_C_b38	Whole_Blood	ORMDL3	0.370443	1.15704e-49
39912823	rs921650	chr17_39912823_G_A_b38	Lung	GSDMA	-0.386013	1.00252e-12
39912823	rs921650	chr17_39912823_G_A_b38	Lung	GSDMB	0.215399	4.39549e-21
39912823	rs921650	chr17_39912823_G_A_b38	Lung	ORMDL3	0.24359	2.05765e-20
39912823	rs921650	chr17_39912823_G_A_b38	Whole_Blood	GSDMB	0.322317	4.28206e-63
39912823	rs921650	chr17_39912823_G_A_b38	Whole_Blood	IKZF3	-0.0706783	1.01668e-07
39912823	rs921650	chr17_39912823_G_A_b38	Whole_Blood	ORMDL3	0.3861	3.51622e-51
39913021	rs921649	chr17_39913021_C_T_b38	Lung	GSDMA	-0.386013	1.00252e-12
39913021	rs921649	chr17_39913021_C_T_b38	Lung	GSDMB	0.215399	4.39549e-21
39913021	rs921649	chr17_39913021_C_T_b38	Lung	ORMDL3	0.24359	2.05765e-20
39913021	rs921649	chr17_39913021_C_T_b38	Whole_Blood	GSDMB	0.322317	4.28206e-63
39913021	rs921649	chr17_39913021_C_T_b38	Whole_Blood	IKZF3	-0.0706783	1.01668e-07
39913021	rs921649	chr17_39913021_C_T_b38	Whole_Blood	ORMDL3	0.3861	3.51622e-51
39913556	rs6503524	chr17_39913556_C_T_b38	Lung	GSDMA	-0.386013	1.00252e-12
39913556	rs6503524	chr17_39913556_C_T_b38	Lung	GSDMB	0.215399	4.39549e-21
39913556	rs6503524	chr17_39913556_C_T_b38	Lung	ORMDL3	0.24359	2.05765e-20
39913556	rs6503524	chr17_39913556_C_T_b38	Whole_Blood	GSDMB	0.322317	4.28206e-63
39913556	rs6503524	chr17_39913556_C_T_b38	Whole_Blood	IKZF3	-0.0706783	1.01668e-07
39913556	rs6503524	chr17_39913556_C_T_b38	Whole_Blood	ORMDL3	0.3861	3.51622e-51
39913696	rs7216389	chr17_39913696_C_T_b38	Lung	GSDMA	-0.386013	1.00252e-12
39913696	rs7216389	chr17_39913696_C_T_b38	Lung	GSDMB	0.215399	4.39549e-21
39913696	rs7216389	chr17_39913696_C_T_b38	Lung	ORMDL3	0.24359	2.05765e-20
39913696	rs7216389	chr17_39913696_C_T_b38	Whole_Blood	GSDMB	0.322317	4.28206e-63
39913696	rs7216389	chr17_39913696_C_T_b38	Whole_Blood	IKZF3	-0.0706783	1.01668e-07
39913696	rs7216389	chr17_39913696_C_T_b38	Whole_Blood	ORMDL3	0.3861	3.51622e-51
39913818	rs7216558	chr17_39913818_C_T_b38	Lung	GSDMA	-0.4004	5.0682e-14
39913818	rs7216558	chr17_39913818_C_T_b38	Lung	GSDMB	0.214982	1.2054799999999999e-21
39913818	rs7216558	chr17_39913818_C_T_b38	Lung	ORMDL3	0.256277	2.30931e-23
39913818	rs7216558	chr17_39913818_C_T_b38	Whole_Blood	GSDMB	0.328887	2.07419e-72
39913818	rs7216558	chr17_39913818_C_T_b38	Whole_Blood	IKZF3	-0.0750306	4.5397e-09
39913818	rs7216558	chr17_39913818_C_T_b38	Whole_Blood	ORMDL3	0.384062	8.22355e-55
39914536	rs7221605	chr17_39914536_C_T_b38	Lung	GSDMA	-0.417194	1.04359e-14
39914536	rs7221605	chr17_39914536_C_T_b38	Lung	GSDMB	0.213131	1.4151099999999998e-20
39914536	rs7221605	chr17_39914536_C_T_b38	Lung	ORMDL3	0.236912	3.04131e-19
39914536	rs7221605	chr17_39914536_C_T_b38	Whole_Blood	GSDMB	0.325058	8.24107e-63
39914536	rs7221605	chr17_39914536_C_T_b38	Whole_Blood	IKZF3	-0.0686715	3.13761e-07
39914536	rs7221605	chr17_39914536_C_T_b38	Whole_Blood	ORMDL3	0.38675	3.68785e-50
39915920	rs1031458	chr17_39915920_G_T_b38	Lung	GSDMA	-0.417194	1.04359e-14
39915920	rs1031458	chr17_39915920_G_T_b38	Lung	GSDMB	0.213131	1.4151099999999998e-20
39915920	rs1031458	chr17_39915920_G_T_b38	Lung	ORMDL3	0.236912	3.04131e-19
39915920	rs1031458	chr17_39915920_G_T_b38	Whole_Blood	GSDMB	0.323399	1.0552000000000001e-61
39915920	rs1031458	chr17_39915920_G_T_b38	Whole_Blood	IKZF3	-0.0687913	3.16809e-07
39915920	rs1031458	chr17_39915920_G_T_b38	Whole_Blood	ORMDL3	0.384726	2.61178e-49
39915994	rs1031460	chr17_39915994_T_G_b38	Lung	GSDMA	-0.422482	5.46777e-15
39915994	rs1031460	chr17_39915994_T_G_b38	Lung	GSDMB	0.212551	2.3970199999999998e-20
39915994	rs1031460	chr17_39915994_T_G_b38	Lung	ORMDL3	0.235403	6.824200000000001e-19
39915994	rs1031460	chr17_39915994_T_G_b38	Whole_Blood	GSDMB	0.32164	9.40083e-61
39915994	rs1031460	chr17_39915994_T_G_b38	Whole_Blood	IKZF3	-0.066806	7.11796e-07
39915994	rs1031460	chr17_39915994_T_G_b38	Whole_Blood	ORMDL3	0.381847	2.31991e-48
39916149	rs8065777	chr17_39916149_C_T_b38	Lung	GSDMA	-0.417194	1.04359e-14
39916149	rs8065777	chr17_39916149_C_T_b38	Lung	GSDMB	0.213131	1.4151099999999998e-20
39916149	rs8065777	chr17_39916149_C_T_b38	Lung	ORMDL3	0.236912	3.04131e-19
39916149	rs8065777	chr17_39916149_C_T_b38	Whole_Blood	GSDMB	0.325058	8.24107e-63
39916149	rs8065777	chr17_39916149_C_T_b38	Whole_Blood	IKZF3	-0.0686715	3.13761e-07
39916149	rs8065777	chr17_39916149_C_T_b38	Whole_Blood	ORMDL3	0.38675	3.68785e-50
39916474	rs2872516	chr17_39916474_C_T_b38	Lung	GSDMA	-0.466592	2.7287200000000002e-18
39916474	rs2872516	chr17_39916474_C_T_b38	Lung	GSDMB	0.170223	3.13276e-13
39916474	rs2872516	chr17_39916474_C_T_b38	Lung	ORMDL3	0.21575	5.69995e-16
39916474	rs2872516	chr17_39916474_C_T_b38	Whole_Blood	GSDMB	0.301213	2.0185699999999997e-52
39916474	rs2872516	chr17_39916474_C_T_b38	Whole_Blood	IKZF3	-0.0643728	1.62927e-06
39916474	rs2872516	chr17_39916474_C_T_b38	Whole_Blood	ORMDL3	0.387686	1.34963e-50
39917715	rs9303279	chr17_39917715_G_C_b38	Lung	GSDMA	-0.431728	1.12853e-15
39917715	rs9303279	chr17_39917715_G_C_b38	Lung	GSDMB	0.17288	1.3253e-13
39917715	rs9303279	chr17_39917715_G_C_b38	Lung	ORMDL3	0.222648	5.82747e-17
39917715	rs9303279	chr17_39917715_G_C_b38	Whole_Blood	GSDMB	0.29641	2.0939799999999997e-51
39917715	rs9303279	chr17_39917715_G_C_b38	Whole_Blood	IKZF3	-0.0661068	6.84755e-07
39917715	rs9303279	chr17_39917715_G_C_b38	Whole_Blood	ORMDL3	0.389414	4.56645e-52
39917778	rs9303280	chr17_39917778_T_C_b38	Lung	GSDMA	-0.412289	6.42461e-15
39917778	rs9303280	chr17_39917778_T_C_b38	Lung	GSDMB	0.21095	5.9181599999999995e-21
39917778	rs9303280	chr17_39917778_T_C_b38	Lung	ORMDL3	0.239885	1.61305e-20
39917778	rs9303280	chr17_39917778_T_C_b38	Whole_Blood	GSDMB	0.314854	1.28257e-62
39917778	rs9303280	chr17_39917778_T_C_b38	Whole_Blood	IKZF3	-0.0660589	3.92313e-07
39917778	rs9303280	chr17_39917778_T_C_b38	Whole_Blood	ORMDL3	0.375456	2.80149e-50
39917793	rs9303281	chr17_39917793_G_A_b38	Lung	GSDMA	-0.402033	2.40057e-14
39917793	rs9303281	chr17_39917793_G_A_b38	Lung	GSDMB	0.215673	3.7942199999999997e-22
39917793	rs9303281	chr17_39917793_G_A_b38	Lung	ORMDL3	0.256326	9.21122e-24
39917793	rs9303281	chr17_39917793_G_A_b38	Whole_Blood	GSDMB	0.332258	5.8016800000000006e-74
39917793	rs9303281	chr17_39917793_G_A_b38	Whole_Blood	IKZF3	-0.0793451	5.71013e-10
39917793	rs9303281	chr17_39917793_G_A_b38	Whole_Blood	ORMDL3	0.384971	7.40478e-55
39918265	rs7219923	chr17_39918265_C_T_b38	Lung	GSDMA	-0.4004	5.0682e-14
39918265	rs7219923	chr17_39918265_C_T_b38	Lung	GSDMB	0.214982	1.2054799999999999e-21
39918265	rs7219923	chr17_39918265_C_T_b38	Lung	ORMDL3	0.256277	2.30931e-23
39918265	rs7219923	chr17_39918265_C_T_b38	Whole_Blood	GSDMB	0.328887	2.07419e-72
39918265	rs7219923	chr17_39918265_C_T_b38	Whole_Blood	IKZF3	-0.0750306	4.5397e-09
39918265	rs7219923	chr17_39918265_C_T_b38	Whole_Blood	ORMDL3	0.384062	8.22355e-55
39919173	rs7224129	chr17_39919173_G_A_b38	Lung	GSDMA	-0.4004	5.0682e-14
39919173	rs7224129	chr17_39919173_G_A_b38	Lung	GSDMB	0.214982	1.2054799999999999e-21
39919173	rs7224129	chr17_39919173_G_A_b38	Lung	ORMDL3	0.256277	2.30931e-23
39919173	rs7224129	chr17_39919173_G_A_b38	Whole_Blood	GSDMB	0.328887	2.07419e-72
39919173	rs7224129	chr17_39919173_G_A_b38	Whole_Blood	IKZF3	-0.0750306	4.5397e-09
39919173	rs7224129	chr17_39919173_G_A_b38	Whole_Blood	ORMDL3	0.384062	8.22355e-55
39919884	rs8074437	chr17_39919884_T_G_b38	Lung	GSDMA	-0.403699	2.71364e-14
39919884	rs8074437	chr17_39919884_T_G_b38	Lung	GSDMB	0.21169	4.74797e-21
39919884	rs8074437	chr17_39919884_T_G_b38	Lung	ORMDL3	0.253221	7.11659e-23
39919884	rs8074437	chr17_39919884_T_G_b38	Whole_Blood	GSDMB	0.326659	2.3948299999999997e-71
39919884	rs8074437	chr17_39919884_T_G_b38	Whole_Blood	IKZF3	-0.0745384	5.54217e-09
39919884	rs8074437	chr17_39919884_T_G_b38	Whole_Blood	ORMDL3	0.382211	2.54175e-54
39924612	rs4065275	chr17_39924612_A_G_b38	Lung	GSDMA	-0.44487	3.63551e-17
39924612	rs4065275	chr17_39924612_A_G_b38	Lung	GSDMB	0.198484	2.24206e-18
39924612	rs4065275	chr17_39924612_A_G_b38	Lung	ORMDL3	0.236366	9.5091e-20
39924612	rs4065275	chr17_39924612_A_G_b38	Whole_Blood	GSDMB	0.326244	2.08709e-67
39924612	rs4065275	chr17_39924612_A_G_b38	Whole_Blood	IKZF3	-0.0729605	2.38649e-08
39924612	rs4065275	chr17_39924612_A_G_b38	Whole_Blood	ORMDL3	0.377697	2.87371e-50
39924659	rs8076131	chr17_39924659_G_A_b38	Lung	GSDMA	-0.455586	6.466570000000001e-18
39924659	rs8076131	chr17_39924659_G_A_b38	Lung	GSDMB	0.162987	1.65679e-12
39924659	rs8076131	chr17_39924659_G_A_b38	Lung	ORMDL3	0.215817	2.08856e-16
39924659	rs8076131	chr17_39924659_G_A_b38	Whole_Blood	GSDMB	0.293133	1.82977e-51
39924659	rs8076131	chr17_39924659_G_A_b38	Whole_Blood	IKZF3	-0.0637	1.31044e-06
39924659	rs8076131	chr17_39924659_G_A_b38	Whole_Blood	ORMDL3	0.37936	2.55535e-50
39926554	rs12603332	chr17_39926554_T_C_b38	Lung	GSDMA	-0.450791	2.5776200000000003e-18
39926554	rs12603332	chr17_39926554_T_C_b38	Lung	GSDMB	0.20375	3.8281699999999996e-20
39926554	rs12603332	chr17_39926554_T_C_b38	Lung	ORMDL3	0.244048	6.19381e-22
39926554	rs12603332	chr17_39926554_T_C_b38	Whole_Blood	GSDMB	0.322771	2.8063700000000004e-69
39926554	rs12603332	chr17_39926554_T_C_b38	Whole_Blood	IKZF3	-0.0738816	7.46921e-09
39926554	rs12603332	chr17_39926554_T_C_b38	Whole_Blood	ORMDL3	0.373403	1.81974e-51
39932164	rs4795405	chr17_39932164_T_C_b38	Lung	GSDMA	-0.4758	2.0016e-20
39932164	rs4795405	chr17_39932164_T_C_b38	Lung	GSDMB	0.171375	2.49964e-14
39932164	rs4795405	chr17_39932164_T_C_b38	Lung	ORMDL3	0.216009	3.74193e-17
39932164	rs4795405	chr17_39932164_T_C_b38	Whole_Blood	GSDMB	0.282391	1.39717e-50
39932164	rs4795405	chr17_39932164_T_C_b38	Whole_Blood	IKZF3	-0.0605417	2.17778e-06
39932164	rs4795405	chr17_39932164_T_C_b38	Whole_Blood	ORMDL3	0.365749	1.4933599999999998e-49
39933091	rs4794820	chr17_39933091_A_G_b38	Lung	GSDMA	-0.531884	2.0458e-25
39933091	rs4794820	chr17_39933091_A_G_b38	Lung	GSDMB	0.160268	1.76773e-12
39933091	rs4794820	chr17_39933091_A_G_b38	Lung	ORMDL3	0.221033	9.8063e-18
39933091	rs4794820	chr17_39933091_A_G_b38	Whole_Blood	GSDMB	0.299204	2.4646000000000002e-55
39933091	rs4794820	chr17_39933091_A_G_b38	Whole_Blood	IKZF3	-0.0722653	2.67046e-08
39933091	rs4794820	chr17_39933091_A_G_b38	Whole_Blood	ORMDL3	0.373228	1.3435e-49
39933464	rs7221814	chr17_39933464_A_G_b38	Lung	GSDMA	-0.5179	5.68914e-23
39933464	rs7221814	chr17_39933464_A_G_b38	Lung	GSDMB	0.157233	1.42296e-11
39933464	rs7221814	chr17_39933464_A_G_b38	Lung	ORMDL3	0.196234	1.65826e-13
39933464	rs7221814	chr17_39933464_A_G_b38	Whole_Blood	GSDMB	0.283404	3.77235e-45
39933464	rs7221814	chr17_39933464_A_G_b38	Whole_Blood	IKZF3	-0.0616576	4.81841e-06
39933464	rs7221814	chr17_39933464_A_G_b38	Whole_Blood	ORMDL3	0.36923	7.51017e-45
39933720	rs7222154	chr17_39933720_A_G_b38	Lung	GSDMA	-0.489144	7.36293e-21
39933720	rs7222154	chr17_39933720_A_G_b38	Lung	GSDMB	0.125132	7.35982e-08
39933720	rs7222154	chr17_39933720_A_G_b38	Lung	ORMDL3	0.173593	5.78953e-11
39933720	rs7222154	chr17_39933720_A_G_b38	Whole_Blood	GSDMB	0.242544	1.07976e-33
39933720	rs7222154	chr17_39933720_A_G_b38	Whole_Blood	ORMDL3	0.315927	1.81882e-33
39934555	rs56199421	chr17_39934555_C_T_b38	Lung	GSDMA	-0.561426	1.04784e-29
39934555	rs56199421	chr17_39934555_C_T_b38	Lung	GSDMB	0.119167	1.3189e-07
39934555	rs56199421	chr17_39934555_C_T_b38	Lung	ORMDL3	0.156311	1.42013e-09
39934555	rs56199421	chr17_39934555_C_T_b38	Whole_Blood	GSDMA	0.230589	4.70007e-06
39934555	rs56199421	chr17_39934555_C_T_b38	Whole_Blood	GSDMB	0.200146	1.1498800000000001e-23
39934555	rs56199421	chr17_39934555_C_T_b38	Whole_Blood	ORMDL3	0.262731	6.880570000000001e-24
