pos	plink_id	r2_with_lead	Existing_variation	Consequence	IMPACT	SYMBOL	REGULATORY	PJL_alt_freq	eQTL	n_eQTL	min_eQTL_p	rsID
39908216	17:39908216:T:C	0.688409	rs11078928	splice_acceptor_variant	HIGH	GSDMB	-	0.369792	Blood:GSDMB-;Blood:IKZF3+;Blood:ORMDL3-;Lung:GSDMA+;Lung:GSDMB-;Lung:ORMDL3-	6.0	1.36617e-52	rs11078928
39905964	17:39905964:C:T	0.764667	rs2305479	missense_variant	MODERATE	GSDMB	-	0.395833	Blood:GSDMB-;Blood:IKZF3+;Blood:ORMDL3-;Lung:GSDMA+;Lung:GSDMB-;Lung:ORMDL3-	6.0	2.58205e-63	rs2305479
39872381	17:39872381:G:T	0.747381	rs11557467	missense_variant	MODERATE	ZPBP2	-	0.390625	Blood:GSDMB-;Blood:IKZF3+;Blood:ORMDL3-;Lung:GSDMA+;Lung:GSDMB-;Lung:ORMDL3-	6.0	4.00078e-69	rs11557467
39905943	17:39905943:G:A	0.688409	rs2305480	missense_variant	MODERATE	GSDMB	-	0.369792	Blood:GSDMB-;Blood:IKZF3+;Blood:ORMDL3-;Lung:GSDMA+;Lung:GSDMB-;Lung:ORMDL3-	6.0	7.102030000000001e-54	rs2305480
39868373	17:39868373:C:T	0.64274	rs11557466	synonymous_variant	LOW	IKZF3,ZPBP2	-	0.364583	Blood:GSDMB-;Blood:IKZF3+;Blood:ORMDL3-;Lung:GSDMA+;Lung:GSDMB-;Lung:ORMDL3-	6.0	3.51717e-56	rs11557466
39875421	17:39875421:C:T	0.64274	rs10852935	synonymous_variant	LOW	ZPBP2	-	0.364583	Blood:GSDMB-;Blood:IKZF3+;Blood:ORMDL3-;Lung:GSDMA+;Lung:GSDMB-;Lung:ORMDL3-	6.0	3.51717e-56	rs10852935
39911280	17:39911280:A:G	1.0	rs4795401	intron_variant	MODIFIER	GSDMB	-	0.432292	Blood:GSDMB-;Blood:IKZF3+;Blood:ORMDL3-;Lung:GSDMA+;Lung:GSDMB-;Lung:ORMDL3-	6.0	1.07751e-63	rs4795401
39911790	17:39911790:T:C	1.0	rs869402	intron_variant	MODIFIER	GSDMB	-	0.567708	Blood:GSDMB+;Blood:IKZF3-;Blood:ORMDL3+;Lung:GSDMA-;Lung:GSDMB+;Lung:ORMDL3+	6.0	3.05958e-63	rs869402
39912261	17:39912261:T:C	1.0	rs1011082	intron_variant	MODIFIER	GSDMB	-	0.567708	Blood:GSDMB+;Blood:IKZF3-;Blood:ORMDL3+;Lung:GSDMA-;Lung:GSDMB+;Lung:ORMDL3+	6.0	6.6243100000000005e-62	rs1011082
39912823	17:39912823:G:A	1.0	rs921650	intron_variant	MODIFIER	GSDMB	-	0.567708	Blood:GSDMB+;Blood:IKZF3-;Blood:ORMDL3+;Lung:GSDMA-;Lung:GSDMB+;Lung:ORMDL3+	6.0	4.28206e-63	rs921650
39913021	17:39913021:C:T	1.0	rs921649	intron_variant	MODIFIER	GSDMB	-	0.567708	Blood:GSDMB+;Blood:IKZF3-;Blood:ORMDL3+;Lung:GSDMA-;Lung:GSDMB+;Lung:ORMDL3+	6.0	4.28206e-63	rs921649
39913556	17:39913556:C:T	1.0	rs6503524	intron_variant	MODIFIER	GSDMB	-	0.567708	Blood:GSDMB+;Blood:IKZF3-;Blood:ORMDL3+;Lung:GSDMA-;Lung:GSDMB+;Lung:ORMDL3+	6.0	4.28206e-63	rs6503524
39913696	17:39913696:C:T	1.0	rs7216389	intron_variant	MODIFIER	GSDMB	-	0.567708	Blood:GSDMB+;Blood:IKZF3-;Blood:ORMDL3+;Lung:GSDMA-;Lung:GSDMB+;Lung:ORMDL3+	6.0	4.28206e-63	rs7216389
39913818	17:39913818:C:T	0.963585	rs7216558	intron_variant	MODIFIER	GSDMB	-	0.557292	Blood:GSDMB+;Blood:IKZF3-;Blood:ORMDL3+;Lung:GSDMA-;Lung:GSDMB+;Lung:ORMDL3+	6.0	2.07419e-72	rs7216558
39917793	17:39917793:G:A	0.963585	rs9303281	5_prime_UTR_variant	MODIFIER	GSDMB,ORMDL3	-	0.557292	Blood:GSDMB+;Blood:IKZF3-;Blood:ORMDL3+;Lung:GSDMA-;Lung:GSDMB+;Lung:ORMDL3+	6.0	5.801680000000001e-74	rs9303281
39918265	17:39918265:C:T	0.963585	rs7219923	5_prime_UTR_variant	MODIFIER	GSDMB,ORMDL3	-	0.557292	Blood:GSDMB+;Blood:IKZF3-;Blood:ORMDL3+;Lung:GSDMA-;Lung:GSDMB+;Lung:ORMDL3+	6.0	2.07419e-72	rs7219923
39919173	17:39919173:G:A	0.963585	rs7224129	non_coding_transcript_exon_variant	MODIFIER	GSDMB,ORMDL3	-	0.557292	Blood:GSDMB+;Blood:IKZF3-;Blood:ORMDL3+;Lung:GSDMA-;Lung:GSDMB+;Lung:ORMDL3+	6.0	2.07419e-72	rs7224129
39919884	17:39919884:T:G	0.963585	rs8074437	upstream_gene_variant	MODIFIER	GSDMB,ORMDL3	-	0.557292	Blood:GSDMB+;Blood:IKZF3-;Blood:ORMDL3+;Lung:GSDMA-;Lung:GSDMB+;Lung:ORMDL3+	6.0	2.39483e-71	rs8074437
39914536	17:39914536:C:T	0.961963	rs7221605	intron_variant	MODIFIER	GSDMB	-	0.578125	Blood:GSDMB+;Blood:IKZF3-;Blood:ORMDL3+;Lung:GSDMA-;Lung:GSDMB+;Lung:ORMDL3+	6.0	8.24107e-63	rs7221605
39915920	17:39915920:G:T	0.961963	rs1031458	intron_variant	MODIFIER	GSDMB	-	0.578125	Blood:GSDMB+;Blood:IKZF3-;Blood:ORMDL3+;Lung:GSDMA-;Lung:GSDMB+;Lung:ORMDL3+	6.0	1.0552000000000001e-61	rs1031458
39915994	17:39915994:T:G	0.961963	rs1031460	intron_variant	MODIFIER	GSDMB	-	0.578125	Blood:GSDMB+;Blood:IKZF3-;Blood:ORMDL3+;Lung:GSDMA-;Lung:GSDMB+;Lung:ORMDL3+	6.0	9.40083e-61	rs1031460
39916149	17:39916149:C:T	0.961963	rs8065777	intron_variant	MODIFIER	GSDMB,ORMDL3	-	0.578125	Blood:GSDMB+;Blood:IKZF3-;Blood:ORMDL3+;Lung:GSDMA-;Lung:GSDMB+;Lung:ORMDL3+	6.0	8.24107e-63	rs8065777
39917778	17:39917778:T:C	0.961963	rs9303280	5_prime_UTR_variant	MODIFIER	GSDMB,ORMDL3	-	0.578125	Blood:GSDMB+;Blood:IKZF3-;Blood:ORMDL3+;Lung:GSDMA-;Lung:GSDMB+;Lung:ORMDL3+	6.0	1.28257e-62	rs9303280
39918763	17:39918763:T:C	0.945252	rs3902920	5_prime_UTR_variant	MODIFIER	GSDMB,ORMDL3	-	0.552083				rs3902920
39926554	17:39926554:T:C	0.908716	rs12603332	5_prime_UTR_variant	MODIFIER	LRRC3C,ORMDL3	regulatory_region_variant	0.5625	Blood:GSDMB+;Blood:IKZF3-;Blood:ORMDL3+;Lung:GSDMA-;Lung:GSDMB+;Lung:ORMDL3+	6.0	2.8063700000000004e-69	rs12603332
39917715	17:39917715:G:C	0.907955	rs9303279	5_prime_UTR_variant	MODIFIER	GSDMB,ORMDL3	-	0.59375	Blood:GSDMB+;Blood:IKZF3-;Blood:ORMDL3+;Lung:GSDMA-;Lung:GSDMB+;Lung:ORMDL3+	6.0	4.56645e-52	rs9303279
39910014	17:39910014:G:T	0.906625	rs1008723	intron_variant	MODIFIER	GSDMB	-	0.416667	Blood:GSDMB-;Blood:IKZF3+;Blood:ORMDL3-;Lung:GSDMA+;Lung:GSDMB-;Lung:ORMDL3-	6.0	1.4409900000000001e-63	rs1008723
39909987	17:39909987:T:C	0.906253	rs2290400	intron_variant	MODIFIER	GSDMB	-	0.4375	Blood:GSDMB-;Blood:IKZF3+;Blood:ORMDL3-;Lung:GSDMA+;Lung:GSDMB-;Lung:ORMDL3-	6.0	9.15652e-73	rs2290400
39910119	17:39910119:T:C	0.890212	rs56380902	intron_variant	MODIFIER	GSDMB	-	0.442708	Blood:GSDMB-;Blood:IKZF3+;Blood:ORMDL3-;Lung:GSDMA+;Lung:GSDMB-;Lung:ORMDL3-	6.0	1.57101e-71	rs56380902
39924612	17:39924612:A:G	0.890212	rs4065275	intron_variant	MODIFIER	LRRC3C,ORMDL3	regulatory_region_variant	0.557292	Blood:GSDMB+;Blood:IKZF3-;Blood:ORMDL3+;Lung:GSDMA-;Lung:GSDMB+;Lung:ORMDL3+	6.0	2.08709e-67	rs4065275
39910767	17:39910767:C:T	0.875878	rs4795400	intron_variant	MODIFIER	GSDMB	-	0.395833	Blood:GSDMB-;Blood:IKZF3+;Blood:ORMDL3-;Lung:GSDMA+;Lung:GSDMB-;Lung:ORMDL3-	6.0	1.069e-52	rs4795400
39924659	17:39924659:G:A	0.867689	rs8076131	intron_variant	MODIFIER	LRRC3C,ORMDL3	regulatory_region_variant	0.583333	Blood:GSDMB+;Blood:IKZF3-;Blood:ORMDL3+;Lung:GSDMA-;Lung:GSDMB+;Lung:ORMDL3+	6.0	1.82977e-51	rs8076131
39916474	17:39916474:C:T	0.839228	rs2872516	intron_variant	MODIFIER	GSDMB,ORMDL3	-	0.604167	Blood:GSDMB+;Blood:IKZF3-;Blood:ORMDL3+;Lung:GSDMA-;Lung:GSDMB+;Lung:ORMDL3+	6.0	2.01857e-52	rs2872516
39932164	17:39932164:T:C	0.8224	rs4795405	intron_variant	MODIFIER	LRRC3C,ORMDL3	-	0.588542	Blood:GSDMB+;Blood:IKZF3-;Blood:ORMDL3+;Lung:GSDMA-;Lung:GSDMB+;Lung:ORMDL3+	6.0	1.39717e-50	rs4795405
39907128	17:39907128:C:T	0.764667	rs883770	non_coding_transcript_exon_variant	MODIFIER	GSDMB	-	0.395833	Blood:GSDMB-;Blood:IKZF3+;Blood:ORMDL3-;Lung:GSDMA+;Lung:GSDMB-;Lung:ORMDL3-	6.0	2.58205e-63	rs883770
39907485	17:39907485:C:T	0.764667	rs62067034	non_coding_transcript_exon_variant	MODIFIER	GSDMB	-	0.395833	Blood:GSDMB-;Blood:IKZF3+;Blood:ORMDL3-;Lung:GSDMA+;Lung:GSDMB-;Lung:ORMDL3-	6.0	2.58205e-63	rs62067034
39907676	17:39907676:T:C	0.764667	rs36000226	non_coding_transcript_exon_variant	MODIFIER	GSDMB	-	0.395833	Blood:GSDMB-;Blood:IKZF3+;Blood:ORMDL3-;Lung:GSDMA+;Lung:GSDMB-;Lung:ORMDL3-	6.0	2.58205e-63	rs36000226
39933464	17:39933464:A:G	0.756466	rs7221814	intron_variant	MODIFIER	LRRC3C	-	0.598958	Blood:GSDMB+;Blood:IKZF3-;Blood:ORMDL3+;Lung:GSDMA-;Lung:GSDMB+;Lung:ORMDL3+	6.0	3.77235e-45	rs7221814
39869916	17:39869916:C:T	0.747381	rs11655198	intron_variant	MODIFIER	ZPBP2	-	0.390625	Blood:GSDMB-;Blood:IKZF3+;Blood:ORMDL3-;Lung:GSDMA+;Lung:GSDMB-;Lung:ORMDL3-	6.0	1.84377e-66	rs11655198
39870033	17:39870033:A:T	0.747381	rs11650661	intron_variant	MODIFIER	ZPBP2	-	0.390625	Blood:GSDMB-;Blood:IKZF3+;Blood:ORMDL3-;Lung:GSDMA+;Lung:GSDMB-;Lung:ORMDL3-	6.0	1.84377e-66	rs11650661
39870108	17:39870108:C:G	0.747381	rs11655292	intron_variant	MODIFIER	ZPBP2	-	0.390625	Blood:GSDMB-;Blood:IKZF3+;Blood:ORMDL3-;Lung:GSDMA+;Lung:GSDMB-;Lung:ORMDL3-	6.0	1.84377e-66	rs11655292
39874777	17:39874777:G:A	0.747381	rs9903250	intron_variant	MODIFIER	ZPBP2	-	0.390625	Blood:GSDMB-;Blood:IKZF3+;Blood:ORMDL3-;Lung:GSDMA+;Lung:GSDMB-;Lung:ORMDL3-	6.0	1.84377e-66	rs9903250
39874911	17:39874911:T:C	0.747381	rs11658278	intron_variant	MODIFIER	ZPBP2	-	0.390625	Blood:GSDMB-;Blood:IKZF3+;Blood:ORMDL3-;Lung:GSDMA+;Lung:GSDMB-;Lung:ORMDL3-	6.0	8.957249999999999e-71	rs11658278
39882136	17:39882136:A:T	0.747381	rs12939565	downstream_gene_variant	MODIFIER	ZPBP2	-	0.390625				rs12939565
39933091	17:39933091:A:G	0.733904	rs4794820	intron_variant	MODIFIER	LRRC3C	-	0.588542	Blood:GSDMB+;Blood:IKZF3-;Blood:ORMDL3+;Lung:GSDMA-;Lung:GSDMB+;Lung:ORMDL3+	6.0	2.4646e-55	rs4794820
39851068	17:39851068:T:G	0.726992	rs35222145	intron_variant	MODIFIER	IKZF3	-	0.369792				rs35222145
39872867	17:39872867:C:G	0.713455	rs12936231	intron_variant	MODIFIER	ZPBP2	regulatory_region_variant	0.401042	Blood:GSDMB-;Blood:IKZF3+;Blood:ORMDL3-;Lung:GSDMA+;Lung:GSDMB-;Lung:ORMDL3-	6.0	2.1109699999999997e-81	rs12936231
39908623	17:39908623:G:A	0.711291	rs12939832	intron_variant	MODIFIER	GSDMB	-	0.364583	Blood:GSDMB-;Blood:IKZF3+;Blood:ORMDL3-;Lung:GSDMA+;Lung:GSDMB-;Lung:ORMDL3-	6.0	1.36617e-52	rs12939832
39933720	17:39933720:A:G	0.697332	rs7222154	intron_variant	MODIFIER	LRRC3C	-	0.598958	Blood:GSDMB+;Blood:ORMDL3+;Lung:GSDMA-;Lung:GSDMB+;Lung:ORMDL3+	5.0	1.07976e-33	rs7222154
39820216	17:39820216:C:T	0.695646	rs9303277	intron_variant	MODIFIER	IKZF3	-	0.395833	Blood:GSDMB-;Blood:IKZF3+;Blood:ORMDL3-;Lung:GSDMA+;Lung:GSDMB-;Lung:ORMDL3-	6.0	5.66742e-75	rs9303277
39864166	17:39864166:T:C	0.693327	rs1453559	5_prime_UTR_variant	MODIFIER	IKZF3,ZPBP2	regulatory_region_variant	0.40625	Blood:GSDMB-;Blood:IKZF3+;Blood:ORMDL3-;Lung:GSDMA+;Lung:GSDMB-;Lung:ORMDL3-	6.0	1.35602e-76	rs1453559
39899863	17:39899863:T:C	0.688409	rs11651596	downstream_gene_variant	MODIFIER	GSDMB	-	0.369792	Blood:GSDMB-;Blood:IKZF3+;Blood:ORMDL3-;Lung:GSDMA+;Lung:GSDMB-;Lung:ORMDL3-	6.0	8.58242e-56	rs11651596
39900936	17:39900936:G:A	0.688409	rs12949100	downstream_gene_variant	MODIFIER	GSDMB	-	0.369792	Blood:GSDMB-;Blood:IKZF3+;Blood:ORMDL3-;Lung:GSDMA+;Lung:GSDMB-;Lung:ORMDL3-	6.0	8.02588e-54	rs12949100
39900944	17:39900944:G:A	0.688409	rs8069176	downstream_gene_variant	MODIFIER	GSDMB	-	0.369792	Blood:GSDMB-;Blood:IKZF3+;Blood:ORMDL3-;Lung:GSDMA+;Lung:GSDMB-;Lung:ORMDL3-	6.0	4.08476e-57	rs8069176
39905186	17:39905186:T:C	0.688409	rs4795399	intron_variant	MODIFIER	GSDMB	-	0.369792	Blood:GSDMB-;Blood:IKZF3+;Blood:ORMDL3-;Lung:GSDMA+;Lung:GSDMB-;Lung:ORMDL3-	6.0	7.102030000000001e-54	rs4795399
39906691	17:39906691:A:C	0.688409	rs56750287	3_prime_UTR_variant	MODIFIER	GSDMB	-	0.369792	Blood:GSDMA-;Blood:GSDMB-;Blood:IKZF3+;Blood:ORMDL3-;Lung:GSDMA+;Lung:GSDMB-;Lung:ORMDL3-	7.0	3.01768e-54	rs56750287
39906723	17:39906723:G:A	0.688409	rs11078926	3_prime_UTR_variant	MODIFIER	GSDMB	-	0.369792	Blood:GSDMB-;Blood:IKZF3+;Blood:ORMDL3-;Lung:GSDMA+;Lung:GSDMB-;Lung:ORMDL3-	6.0	7.102030000000001e-54	rs11078926
39908152	17:39908152:C:T	0.688409	rs11078927	intron_variant	MODIFIER	GSDMB	-	0.369792	Blood:GSDMB-;Blood:IKZF3+;Blood:ORMDL3-;Lung:GSDMA+;Lung:GSDMB-;Lung:ORMDL3-	6.0	1.36617e-52	rs11078927
39771806	17:39771806:C:T	0.675201	rs2952140	intron_variant	MODIFIER	IKZF3	-	0.598958	Blood:GSDMB+;Blood:IKZF3-;Blood:ORMDL3+;Lung:GSDMA-;Lung:GSDMB+;Lung:ORMDL3+	6.0	1.73504e-72	rs2952140
39773563	17:39773563:T:C	0.675201	rs2313430	intron_variant	MODIFIER	IKZF3	-	0.598958	Blood:GSDMB+;Blood:IKZF3-;Blood:ORMDL3+;Lung:GSDMA-;Lung:GSDMB+;Lung:ORMDL3+	6.0	7.98211e-72	rs2313430
39803764	17:39803764:C:T	0.675201	rs2952144	intron_variant	MODIFIER	IKZF3	-	0.598958	Blood:GSDMB+;Blood:IKZF3-;Blood:ORMDL3+;Lung:GSDMA-;Lung:GSDMB+;Lung:ORMDL3+	6.0	1.23077e-72	rs2952144
39849342	17:39849342:T:C	0.667728	rs9916765	intron_variant	MODIFIER	IKZF3	-	0.395833				rs9916765
39754115	17:39754115:C:T	0.66236	rs2941522	upstream_gene_variant	MODIFIER	IKZF3	regulatory_region_variant	0.604167	Blood:GSDMB+;Blood:IKZF3-;Blood:ORMDL3+;Lung:GSDMA-;Lung:GSDMB+;Lung:ORMDL3+	6.0	2.9782e-66	rs2941522
39765489	17:39765489:C:T	0.66236	rs907091	3_prime_UTR_variant	MODIFIER	IKZF3	-	0.604167	Blood:GSDMB+;Blood:IKZF3-;Blood:ORMDL3+;Lung:GSDMA-;Lung:GSDMB+;Lung:ORMDL3+	6.0	1.07856e-69	rs907091
39827239	17:39827239:T:C	0.660365	rs12944882	intron_variant	MODIFIER	IKZF3	-	0.40625	Blood:GSDMB-;Blood:IKZF3+;Blood:ORMDL3-;Lung:GSDMA+;Lung:GSDMB-;Lung:ORMDL3-	6.0	7.02956e-68	rs12944882
39829548	17:39829548:A:G	0.660365	rs3816470	intron_variant	MODIFIER	IKZF3	-	0.40625	Blood:GSDMB-;Blood:IKZF3+;Blood:ORMDL3-;Lung:GSDMA+;Lung:GSDMB-;Lung:ORMDL3-	6.0	4.8956e-68	rs3816470
39867492	17:39867492:A:G	0.658793	rs4795397	non_coding_transcript_exon_variant	MODIFIER	IKZF3,ZPBP2	-	0.369792	Blood:GSDMB-;Blood:IKZF3+;Blood:ORMDL3-;Lung:GSDMA+;Lung:GSDMB-;Lung:ORMDL3-	6.0	2.10695e-51	rs4795397
39748854	17:39748854:C:T	0.644793	rs2151347188,rs2151347189,rs2151347195,rs9747973	downstream_gene_variant	MODIFIER	GRB7	-	0.609375	Blood:GSDMB+;Blood:IKZF3-;Blood:ORMDL3+;Lung:GSDMA-;Lung:GSDMB+;Lung:ORMDL3+	6.0	2.68357e-65	rs2151347188
39868955	17:39868955:T:C	0.64274	rs11078925	intron_variant	MODIFIER	IKZF3,ZPBP2	-	0.364583	Blood:GSDMB-;Blood:IKZF3+;Blood:ORMDL3-;Lung:GSDMA+;Lung:GSDMB-;Lung:ORMDL3-	6.0	3.51717e-56	rs11078925
39869782	17:39869782:G:A	0.64274	rs34120102	intron_variant	MODIFIER	ZPBP2	-	0.364583	Blood:GSDMB-;Blood:IKZF3+;Blood:ORMDL3-;Lung:GSDMA+;Lung:GSDMB-;Lung:ORMDL3-	6.0	2.41272e-55	rs34120102
39871147	17:39871147:A:G	0.64274	rs12709365	intron_variant	MODIFIER	ZPBP2	-	0.364583	Blood:GSDMA-;Blood:GSDMB-;Blood:IKZF3+;Blood:ORMDL3-;Lung:GSDMA+;Lung:GSDMB-;Lung:ORMDL3-	7.0	1.0935900000000002e-56	rs12709365
39871330	17:39871330:A:G	0.64274	rs13380815	intron_variant	MODIFIER	ZPBP2	-	0.364583	Blood:GSDMA-;Blood:GSDMB-;Blood:IKZF3+;Blood:ORMDL3-;Lung:GSDMA+;Lung:GSDMB-;Lung:ORMDL3-	7.0	1.0935900000000002e-56	rs13380815
39873952	17:39873952:T:A	0.64274	rs11870965	intron_variant	MODIFIER	ZPBP2	-	0.364583	Blood:GSDMA-;Blood:GSDMB-;Blood:IKZF3+;Blood:ORMDL3-;Lung:GSDMA+;Lung:GSDMB-;Lung:ORMDL3-	7.0	1.0935900000000002e-56	rs11870965
39874885	17:39874885:A:G	0.64274	rs9905959	intron_variant	MODIFIER	ZPBP2	-	0.364583	Blood:GSDMA-;Blood:GSDMB-;Blood:IKZF3+;Blood:ORMDL3-;Lung:GSDMA+;Lung:GSDMB-;Lung:ORMDL3-	7.0	1.0935900000000002e-56	rs9905959
39875461	17:39875461:C:T	0.64274	rs10852936	intron_variant	MODIFIER	ZPBP2	-	0.364583	Blood:GSDMA-;Blood:GSDMB-;Blood:IKZF3+;Blood:ORMDL3-;Lung:GSDMA+;Lung:GSDMB-;Lung:ORMDL3-	7.0	1.0935900000000002e-56	rs10852936
39875549	17:39875549:T:A	0.64274	rs9891174	intron_variant	MODIFIER	ZPBP2	-	0.364583	Blood:GSDMA-;Blood:GSDMB-;Blood:IKZF3+;Blood:ORMDL3-;Lung:GSDMA+;Lung:GSDMB-;Lung:ORMDL3-	7.0	1.87227e-57	rs9891174
39875604	17:39875604:T:G	0.64274	rs59716545	intron_variant	MODIFIER	ZPBP2	-	0.364583				rs59716545
39875935	17:39875935:T:C	0.64274	rs12939457	intron_variant	MODIFIER	ZPBP2	-	0.364583				rs12939457
39876207	17:39876207:C:T	0.64274	rs34189114	intron_variant	MODIFIER	ZPBP2	-	0.364583	Blood:GSDMB-;Blood:IKZF3+;Blood:ORMDL3-;Lung:GSDMA+;Lung:GSDMB-;Lung:ORMDL3-	6.0	3.51717e-56	rs34189114
39876427	17:39876427:T:C	0.64274	rs35736272	intron_variant	MODIFIER	ZPBP2	-	0.364583	Blood:GSDMB-;Blood:IKZF3+;Blood:ORMDL3-;Lung:GSDMA+;Lung:GSDMB-;Lung:ORMDL3-	6.0	2.41272e-55	rs35736272
39877024	17:39877024:A:C	0.64274	rs1054609	3_prime_UTR_variant	MODIFIER	ZPBP2	-	0.364583	Blood:GSDMA-;Blood:GSDMB-;Blood:IKZF3+;Blood:ORMDL3-;Lung:GSDMA+;Lung:GSDMB-;Lung:ORMDL3-	7.0	1.0935900000000002e-56	rs1054609
39878863	17:39878863:G:A	0.64274	rs9907088	downstream_gene_variant	MODIFIER	ZPBP2	-	0.364583	Blood:GSDMA-;Blood:GSDMB-;Blood:IKZF3+;Blood:ORMDL3-;Lung:GSDMA+;Lung:GSDMB-;Lung:ORMDL3-	7.0	3.5738400000000008e-56	rs9907088
39879117	17:39879117:G:T	0.64274	rs36038753	downstream_gene_variant	MODIFIER	ZPBP2	-	0.364583	Blood:GSDMA-;Blood:GSDMB-;Blood:IKZF3+;Blood:ORMDL3-;Lung:GSDMA+;Lung:GSDMB-;Lung:ORMDL3-	7.0	3.5738400000000008e-56	rs36038753
39879371	17:39879371:C:T	0.64274	rs35569035	downstream_gene_variant	MODIFIER	ZPBP2	-	0.364583	Blood:GSDMB-;Blood:IKZF3+;Blood:ORMDL3-;Lung:GSDMA+;Lung:GSDMB-;Lung:ORMDL3-	6.0	1.4237e-55	rs35569035
39879395	17:39879395:A:G	0.64274	rs9910826	downstream_gene_variant	MODIFIER	ZPBP2	-	0.364583	Blood:GSDMA-;Blood:GSDMB-;Blood:IKZF3+;Blood:ORMDL3-;Lung:GSDMA+;Lung:GSDMB-;Lung:ORMDL3-	7.0	3.5738400000000008e-56	rs9910826
39880333	17:39880333:A:G	0.64274	rs9904624	downstream_gene_variant	MODIFIER	ZPBP2	-	0.364583	Blood:GSDMA-;Blood:GSDMB-;Blood:IKZF3+;Blood:ORMDL3-;Lung:GSDMA+;Lung:GSDMB-;Lung:ORMDL3-	7.0	3.5738400000000008e-56	rs9904624
39881926	17:39881926:C:T	0.64274	rs4795398	downstream_gene_variant	MODIFIER	ZPBP2	-	0.364583	Blood:GSDMB-;Blood:IKZF3+;Blood:ORMDL3-;Lung:GSDMA+;Lung:GSDMB-;Lung:ORMDL3-	6.0	1.4237e-55	rs4795398
39882137	17:39882137:A:T	0.64274	rs12939566	downstream_gene_variant	MODIFIER	ZPBP2	-	0.364583				rs12939566
39882138	17:39882138:A:T	0.64274	rs62067029	downstream_gene_variant	MODIFIER	ZPBP2	-	0.364583				rs62067029
39851070	17:39851070:T:G	0.62387	rs34073687	intron_variant	MODIFIER	IKZF3	-	0.4375				rs34073687
39934555	17:39934555:C:T	0.622313	rs56199421	intron_variant	MODIFIER	LRRC3C	-	0.546875	Blood:GSDMA+;Blood:GSDMB+;Blood:ORMDL3+;Lung:GSDMA-;Lung:GSDMB+;Lung:ORMDL3+	6.0	1.04784e-29	rs56199421
39784555	17:39784555:C:T	0.620653	rs11658993	intron_variant	MODIFIER	IKZF3	-	0.369792	Blood:GSDMB-;Blood:IKZF3+;Blood:ORMDL3-;Lung:GSDMA+;Lung:GSDMB-;Lung:ORMDL3-	6.0	1.36433e-49	rs11658993
39813896	17:39813896:A:G	0.610515	rs9909593	intron_variant	MODIFIER	IKZF3	regulatory_region_variant	0.375	Blood:GSDMB-;Blood:IKZF3+;Blood:ORMDL3-;Lung:GSDMA+;Lung:GSDMB-;Lung:ORMDL3-	6.0	2.08813e-50	rs9909593
39756124	17:39756124:C:T	0.609767	rs12946510	non_coding_transcript_exon_variant	MODIFIER	IKZF3	-	0.364583	Blood:GSDMB-;Blood:IKZF3+;Blood:ORMDL3-;Lung:GSDMA+;Lung:GSDMB-;Lung:ORMDL3-	6.0	1.96004e-43	rs12946510
39896954	17:39896954:C:G	0.764667	rs12453507	intergenic_variant	-	-	-	0.395833	Blood:GSDMB-;Blood:IKZF3+;Blood:ORMDL3-;Lung:GSDMA+;Lung:GSDMB-;Lung:ORMDL3-	6.0	8.573740000000001e-67	rs12453507
39886524	17:39886524:T:A	0.747381	rs9908132	intergenic_variant	-	-	-	0.390625	Blood:GSDMB-;Blood:IKZF3+;Blood:ORMDL3-;Lung:GSDMA+;Lung:GSDMB-;Lung:ORMDL3-	6.0	1.92775e-69	rs9908132
39887090	17:39887090:G:A	0.747381	rs9901146	intergenic_variant	-	-	-	0.390625	Blood:GSDMB-;Blood:IKZF3+;Blood:ORMDL3-;Lung:GSDMA+;Lung:GSDMB-;Lung:ORMDL3-	6.0	1.92775e-69	rs9901146
39889472	17:39889472:C:T	0.747381	rs12103884	intergenic_variant	-	-	-	0.390625	Blood:GSDMB-;Blood:IKZF3+;Blood:ORMDL3-;Lung:GSDMA+;Lung:GSDMB-;Lung:ORMDL3-	6.0	1.92775e-69	rs12103884
39891991	17:39891991:T:C	0.747381	rs9906951	intergenic_variant	-	-	-	0.390625	Blood:GSDMB-;Blood:IKZF3+;Blood:ORMDL3-;Lung:GSDMA+;Lung:GSDMB-;Lung:ORMDL3-	6.0	2.2687e-70	rs9906951
39892849	17:39892849:T:C	0.747381	rs12950209	intergenic_variant	-	-	-	0.390625	Blood:GSDMB-;Blood:IKZF3+;Blood:ORMDL3-;Lung:GSDMA+;Lung:GSDMB-;Lung:ORMDL3-	6.0	1.33086e-69	rs12950209
39892980	17:39892980:T:C	0.747381	rs12950743	intergenic_variant	-	-	-	0.390625	Blood:GSDMB-;Blood:IKZF3+;Blood:ORMDL3-;Lung:GSDMA+;Lung:GSDMB-;Lung:ORMDL3-	6.0	1.36686e-69	rs12950743
39893336	17:39893336:C:T	0.747381	rs7359623	intergenic_variant	-	-	-	0.390625	Blood:GSDMB-;Blood:IKZF3+;Blood:ORMDL3-;Lung:GSDMA+;Lung:GSDMB-;Lung:ORMDL3-	6.0	9.18799e-70	rs7359623
39895095	17:39895095:A:G	0.731568	rs8067378	intergenic_variant	-	-	-	0.40625	Blood:GSDMB-;Blood:IKZF3+;Blood:ORMDL3-;Lung:GSDMA+;Lung:GSDMB-;Lung:ORMDL3-	6.0	6.0318e-82	rs8067378
39883866	17:39883866:T:C	0.64274	rs12232497	intergenic_variant	-	-	-	0.364583	Blood:GSDMB-;Blood:IKZF3+;Blood:ORMDL3-;Lung:GSDMA+;Lung:GSDMB-;Lung:ORMDL3-	6.0	2.41272e-55	rs12232497
39884110	17:39884110:T:C	0.64274	rs12232498	intergenic_variant	-	-	-	0.364583	Blood:GSDMA-;Blood:GSDMB-;Blood:IKZF3+;Blood:ORMDL3-;Lung:GSDMA+;Lung:GSDMB-;Lung:ORMDL3-	7.0	3.5738400000000008e-56	rs12232498
39884281	17:39884281:C:T	0.64274	rs12941333	intergenic_variant	-	-	-	0.364583	Blood:GSDMA-;Blood:GSDMB-;Blood:IKZF3+;Blood:ORMDL3-;Lung:GSDMA+;Lung:GSDMB-;Lung:ORMDL3-	7.0	3.5738400000000008e-56	rs12941333
39884510	17:39884510:G:A	0.64274	rs2872507	intergenic_variant	-	-	-	0.364583	Blood:GSDMA-;Blood:GSDMB-;Blood:IKZF3+;Blood:ORMDL3-;Lung:GSDMA+;Lung:GSDMB-;Lung:ORMDL3-	7.0	3.5738400000000008e-56	rs2872507
39887396	17:39887396:C:T	0.64274	rs12936409	intergenic_variant	-	-	-	0.364583	Blood:GSDMB-;Blood:IKZF3+;Blood:ORMDL3-;Lung:GSDMA+;Lung:GSDMB-;Lung:ORMDL3-	6.0	1.4237e-55	rs12936409
