Position (GRCh38),rsID,r2 with lead SNP,ALT freq (PJL),VEP consequence,Impact,Gene,eQTL hits (n),Min eQTL p
39908216,rs11078928,0.688,0.37,splice_acceptor_variant,HIGH,GSDMB,6,1.36617e-52
39905964,rs2305479,0.765,0.396,missense_variant,MODERATE,GSDMB,6,2.58205e-63
39872381,rs11557467,0.747,0.391,missense_variant,MODERATE,ZPBP2,6,4.0007800000000003e-69
39905943,rs2305480,0.688,0.37,missense_variant,MODERATE,GSDMB,6,7.102030000000001e-54
39868373,rs11557466,0.643,0.365,synonymous_variant,LOW,"IKZF3,ZPBP2",6,3.51717e-56
39875421,rs10852935,0.643,0.365,synonymous_variant,LOW,ZPBP2,6,3.51717e-56
39911280,rs4795401,1.0,0.432,intron_variant,MODIFIER,GSDMB,6,1.07751e-63
39911790,rs869402,1.0,0.568,intron_variant,MODIFIER,GSDMB,6,3.05958e-63
39912261,rs1011082,1.0,0.568,intron_variant,MODIFIER,GSDMB,6,6.6243100000000005e-62
39912823,rs921650,1.0,0.568,intron_variant,MODIFIER,GSDMB,6,4.28206e-63
39913021,rs921649,1.0,0.568,intron_variant,MODIFIER,GSDMB,6,4.28206e-63
39913556,rs6503524,1.0,0.568,intron_variant,MODIFIER,GSDMB,6,4.28206e-63
39913696,rs7216389,1.0,0.568,intron_variant,MODIFIER,GSDMB,6,4.28206e-63
39913818,rs7216558,0.964,0.557,intron_variant,MODIFIER,GSDMB,6,2.07419e-72
39917793,rs9303281,0.964,0.557,5_prime_UTR_variant,MODIFIER,"GSDMB,ORMDL3",6,5.801680000000001e-74
39918265,rs7219923,0.964,0.557,5_prime_UTR_variant,MODIFIER,"GSDMB,ORMDL3",6,2.07419e-72
39919173,rs7224129,0.964,0.557,non_coding_transcript_exon_variant,MODIFIER,"GSDMB,ORMDL3",6,2.07419e-72
39919884,rs8074437,0.964,0.557,upstream_gene_variant,MODIFIER,"GSDMB,ORMDL3",6,2.3948299999999997e-71
39914536,rs7221605,0.962,0.578,intron_variant,MODIFIER,GSDMB,6,8.24107e-63
39915920,rs1031458,0.962,0.578,intron_variant,MODIFIER,GSDMB,6,1.0552000000000001e-61
39915994,rs1031460,0.962,0.578,intron_variant,MODIFIER,GSDMB,6,9.40083e-61
39916149,rs8065777,0.962,0.578,intron_variant,MODIFIER,"GSDMB,ORMDL3",6,8.24107e-63
39917778,rs9303280,0.962,0.578,5_prime_UTR_variant,MODIFIER,"GSDMB,ORMDL3",6,1.28257e-62
39918763,rs3902920,0.945,0.552,5_prime_UTR_variant,MODIFIER,"GSDMB,ORMDL3",0,
39926554,rs12603332,0.909,0.562,5_prime_UTR_variant,MODIFIER,"LRRC3C,ORMDL3",6,2.8063700000000004e-69
39917715,rs9303279,0.908,0.594,5_prime_UTR_variant,MODIFIER,"GSDMB,ORMDL3",6,4.56645e-52
39910014,rs1008723,0.907,0.417,intron_variant,MODIFIER,GSDMB,6,1.4409900000000001e-63
39909987,rs2290400,0.906,0.438,intron_variant,MODIFIER,GSDMB,6,9.15652e-73
39910119,rs56380902,0.89,0.443,intron_variant,MODIFIER,GSDMB,6,1.57101e-71
39924612,rs4065275,0.89,0.557,intron_variant,MODIFIER,"LRRC3C,ORMDL3",6,2.08709e-67
39910767,rs4795400,0.876,0.396,intron_variant,MODIFIER,GSDMB,6,1.069e-52
39924659,rs8076131,0.868,0.583,intron_variant,MODIFIER,"LRRC3C,ORMDL3",6,1.82977e-51
39916474,rs2872516,0.839,0.604,intron_variant,MODIFIER,"GSDMB,ORMDL3",6,2.0185699999999997e-52
39932164,rs4795405,0.822,0.589,intron_variant,MODIFIER,"LRRC3C,ORMDL3",6,1.39717e-50
39907128,rs883770,0.765,0.396,non_coding_transcript_exon_variant,MODIFIER,GSDMB,6,2.58205e-63
39907485,rs62067034,0.765,0.396,non_coding_transcript_exon_variant,MODIFIER,GSDMB,6,2.58205e-63
39907676,rs36000226,0.765,0.396,non_coding_transcript_exon_variant,MODIFIER,GSDMB,6,2.58205e-63
39933464,rs7221814,0.756,0.599,intron_variant,MODIFIER,LRRC3C,6,3.77235e-45
39869916,rs11655198,0.747,0.391,intron_variant,MODIFIER,ZPBP2,6,1.84377e-66
39870033,rs11650661,0.747,0.391,intron_variant,MODIFIER,ZPBP2,6,1.84377e-66
39870108,rs11655292,0.747,0.391,intron_variant,MODIFIER,ZPBP2,6,1.84377e-66
39874777,rs9903250,0.747,0.391,intron_variant,MODIFIER,ZPBP2,6,1.84377e-66
39874911,rs11658278,0.747,0.391,intron_variant,MODIFIER,ZPBP2,6,8.957249999999999e-71
39882136,rs12939565,0.747,0.391,downstream_gene_variant,MODIFIER,ZPBP2,0,
39933091,rs4794820,0.734,0.589,intron_variant,MODIFIER,LRRC3C,6,2.4646000000000002e-55
39851068,rs35222145,0.727,0.37,intron_variant,MODIFIER,IKZF3,0,
39872867,rs12936231,0.713,0.401,intron_variant,MODIFIER,ZPBP2,6,2.1109699999999997e-81
39908623,rs12939832,0.711,0.365,intron_variant,MODIFIER,GSDMB,6,1.36617e-52
39933720,rs7222154,0.697,0.599,intron_variant,MODIFIER,LRRC3C,5,1.07976e-33
39820216,rs9303277,0.696,0.396,intron_variant,MODIFIER,IKZF3,6,5.66742e-75
39864166,rs1453559,0.693,0.406,5_prime_UTR_variant,MODIFIER,"IKZF3,ZPBP2",6,1.3560200000000001e-76
39899863,rs11651596,0.688,0.37,downstream_gene_variant,MODIFIER,GSDMB,6,8.58242e-56
39900936,rs12949100,0.688,0.37,downstream_gene_variant,MODIFIER,GSDMB,6,8.02588e-54
39900944,rs8069176,0.688,0.37,downstream_gene_variant,MODIFIER,GSDMB,6,4.08476e-57
39905186,rs4795399,0.688,0.37,intron_variant,MODIFIER,GSDMB,6,7.102030000000001e-54
39906691,rs56750287,0.688,0.37,3_prime_UTR_variant,MODIFIER,GSDMB,7,3.01768e-54
39906723,rs11078926,0.688,0.37,3_prime_UTR_variant,MODIFIER,GSDMB,6,7.102030000000001e-54
39908152,rs11078927,0.688,0.37,intron_variant,MODIFIER,GSDMB,6,1.36617e-52
39771806,rs2952140,0.675,0.599,intron_variant,MODIFIER,IKZF3,6,1.73504e-72
39773563,rs2313430,0.675,0.599,intron_variant,MODIFIER,IKZF3,6,7.98211e-72
39803764,rs2952144,0.675,0.599,intron_variant,MODIFIER,IKZF3,6,1.23077e-72
39849342,rs9916765,0.668,0.396,intron_variant,MODIFIER,IKZF3,0,
39754115,rs2941522,0.662,0.604,upstream_gene_variant,MODIFIER,IKZF3,6,2.9782e-66
39765489,rs907091,0.662,0.604,3_prime_UTR_variant,MODIFIER,IKZF3,6,1.0785600000000001e-69
39827239,rs12944882,0.66,0.406,intron_variant,MODIFIER,IKZF3,6,7.02956e-68
39829548,rs3816470,0.66,0.406,intron_variant,MODIFIER,IKZF3,6,4.8956e-68
39867492,rs4795397,0.659,0.37,non_coding_transcript_exon_variant,MODIFIER,"IKZF3,ZPBP2",6,2.1069499999999997e-51
39748854,rs2151347188,0.645,0.609,downstream_gene_variant,MODIFIER,GRB7,6,2.68357e-65
39868955,rs11078925,0.643,0.365,intron_variant,MODIFIER,"IKZF3,ZPBP2",6,3.51717e-56
39869782,rs34120102,0.643,0.365,intron_variant,MODIFIER,ZPBP2,6,2.41272e-55
39871147,rs12709365,0.643,0.365,intron_variant,MODIFIER,ZPBP2,7,1.0935900000000002e-56
39871330,rs13380815,0.643,0.365,intron_variant,MODIFIER,ZPBP2,7,1.0935900000000002e-56
39873952,rs11870965,0.643,0.365,intron_variant,MODIFIER,ZPBP2,7,1.0935900000000002e-56
39874885,rs9905959,0.643,0.365,intron_variant,MODIFIER,ZPBP2,7,1.0935900000000002e-56
39875461,rs10852936,0.643,0.365,intron_variant,MODIFIER,ZPBP2,7,1.0935900000000002e-56
39875549,rs9891174,0.643,0.365,intron_variant,MODIFIER,ZPBP2,7,1.87227e-57
39875604,rs59716545,0.643,0.365,intron_variant,MODIFIER,ZPBP2,0,
39875935,rs12939457,0.643,0.365,intron_variant,MODIFIER,ZPBP2,0,
39876207,rs34189114,0.643,0.365,intron_variant,MODIFIER,ZPBP2,6,3.51717e-56
39876427,rs35736272,0.643,0.365,intron_variant,MODIFIER,ZPBP2,6,2.41272e-55
39877024,rs1054609,0.643,0.365,3_prime_UTR_variant,MODIFIER,ZPBP2,7,1.0935900000000002e-56
39878863,rs9907088,0.643,0.365,downstream_gene_variant,MODIFIER,ZPBP2,7,3.573840000000001e-56
39879117,rs36038753,0.643,0.365,downstream_gene_variant,MODIFIER,ZPBP2,7,3.573840000000001e-56
39879371,rs35569035,0.643,0.365,downstream_gene_variant,MODIFIER,ZPBP2,6,1.4237e-55
39879395,rs9910826,0.643,0.365,downstream_gene_variant,MODIFIER,ZPBP2,7,3.573840000000001e-56
39880333,rs9904624,0.643,0.365,downstream_gene_variant,MODIFIER,ZPBP2,7,3.573840000000001e-56
39881926,rs4795398,0.643,0.365,downstream_gene_variant,MODIFIER,ZPBP2,6,1.4237e-55
39882137,rs12939566,0.643,0.365,downstream_gene_variant,MODIFIER,ZPBP2,0,
39882138,rs62067029,0.643,0.365,downstream_gene_variant,MODIFIER,ZPBP2,0,
39851070,rs34073687,0.624,0.438,intron_variant,MODIFIER,IKZF3,0,
39934555,rs56199421,0.622,0.547,intron_variant,MODIFIER,LRRC3C,6,1.04784e-29
39784555,rs11658993,0.621,0.37,intron_variant,MODIFIER,IKZF3,6,1.36433e-49
39813896,rs9909593,0.611,0.375,intron_variant,MODIFIER,IKZF3,6,2.08813e-50
39756124,rs12946510,0.61,0.365,non_coding_transcript_exon_variant,MODIFIER,IKZF3,6,1.96004e-43
39896954,rs12453507,0.765,0.396,intergenic_variant,-,-,6,8.573740000000001e-67
39886524,rs9908132,0.747,0.391,intergenic_variant,-,-,6,1.9277500000000001e-69
39887090,rs9901146,0.747,0.391,intergenic_variant,-,-,6,1.9277500000000001e-69
39889472,rs12103884,0.747,0.391,intergenic_variant,-,-,6,1.9277500000000001e-69
39891991,rs9906951,0.747,0.391,intergenic_variant,-,-,6,2.2687000000000002e-70
39892849,rs12950209,0.747,0.391,intergenic_variant,-,-,6,1.33086e-69
39892980,rs12950743,0.747,0.391,intergenic_variant,-,-,6,1.36686e-69
39893336,rs7359623,0.747,0.391,intergenic_variant,-,-,6,9.18799e-70
39895095,rs8067378,0.732,0.406,intergenic_variant,-,-,6,6.0318e-82
39883866,rs12232497,0.643,0.365,intergenic_variant,-,-,6,2.41272e-55
39884110,rs12232498,0.643,0.365,intergenic_variant,-,-,7,3.573840000000001e-56
39884281,rs12941333,0.643,0.365,intergenic_variant,-,-,7,3.573840000000001e-56
39884510,rs2872507,0.643,0.365,intergenic_variant,-,-,7,3.573840000000001e-56
39887396,rs12936409,0.643,0.365,intergenic_variant,-,-,6,1.4237e-55
