Location	Alleles	Existing_variation	Consequence	SYMBOL	IMPACT	REGULATORY
17:39748854	C/T	rs2151347188,rs2151347189,rs2151347195,rs9747973	downstream_gene_variant	GRB7	MODIFIER	-
17:39754115	C/T	rs2941522	upstream_gene_variant	IKZF3	MODIFIER	regulatory_region_variant
17:39756124	C/T	rs12946510	non_coding_transcript_exon_variant	IKZF3	MODIFIER	-
17:39765489	C/T	rs907091	3_prime_UTR_variant	IKZF3	MODIFIER	-
17:39771806	C/T	rs2952140	intron_variant	IKZF3	MODIFIER	-
17:39773563	T/C	rs2313430	intron_variant	IKZF3	MODIFIER	-
17:39784555	C/T	rs11658993	intron_variant	IKZF3	MODIFIER	-
17:39803764	C/T	rs2952144	intron_variant	IKZF3	MODIFIER	-
17:39813896	A/G	rs9909593	intron_variant	IKZF3	MODIFIER	regulatory_region_variant
17:39820216	C/T	rs9303277	intron_variant	IKZF3	MODIFIER	-
17:39827239	T/C	rs12944882	intron_variant	IKZF3	MODIFIER	-
17:39829548	A/G	rs3816470	intron_variant	IKZF3	MODIFIER	-
17:39849342	T/C	rs9916765	intron_variant	IKZF3	MODIFIER	-
17:39851068	T/G	rs35222145	intron_variant	IKZF3	MODIFIER	-
17:39851070	T/G	rs34073687	intron_variant	IKZF3	MODIFIER	-
17:39864166	T/C	rs1453559	5_prime_UTR_variant	IKZF3,ZPBP2	MODIFIER	regulatory_region_variant
17:39867492	A/G	rs4795397	non_coding_transcript_exon_variant	IKZF3,ZPBP2	MODIFIER	-
17:39868373	C/T	rs11557466	synonymous_variant	IKZF3,ZPBP2	LOW	-
17:39868955	T/C	rs11078925	intron_variant	IKZF3,ZPBP2	MODIFIER	-
17:39869782	G/A	rs34120102	intron_variant	ZPBP2	MODIFIER	-
17:39869916	C/T	rs11655198	intron_variant	ZPBP2	MODIFIER	-
17:39870033	A/T	rs11650661	intron_variant	ZPBP2	MODIFIER	-
17:39870108	C/G	rs11655292	intron_variant	ZPBP2	MODIFIER	-
17:39871147	A/G	rs12709365	intron_variant	ZPBP2	MODIFIER	-
17:39871330	A/G	rs13380815	intron_variant	ZPBP2	MODIFIER	-
17:39872381	G/T	rs11557467	missense_variant	ZPBP2	MODERATE	-
17:39872867	C/G	rs12936231	intron_variant	ZPBP2	MODIFIER	regulatory_region_variant
17:39873952	T/A	rs11870965	intron_variant	ZPBP2	MODIFIER	-
17:39874777	G/A	rs9903250	intron_variant	ZPBP2	MODIFIER	-
17:39874885	A/G	rs9905959	intron_variant	ZPBP2	MODIFIER	-
17:39874911	T/C	rs11658278	intron_variant	ZPBP2	MODIFIER	-
17:39875421	C/T	rs10852935	synonymous_variant	ZPBP2	LOW	-
17:39875461	C/T	rs10852936	intron_variant	ZPBP2	MODIFIER	-
17:39875549	T/A	rs9891174	intron_variant	ZPBP2	MODIFIER	-
17:39875604	T/G	rs59716545	intron_variant	ZPBP2	MODIFIER	-
17:39875935	T/C	rs12939457	intron_variant	ZPBP2	MODIFIER	-
17:39876207	C/T	rs34189114	intron_variant	ZPBP2	MODIFIER	-
17:39876427	T/C	rs35736272	intron_variant	ZPBP2	MODIFIER	-
17:39877024	A/C	rs1054609	3_prime_UTR_variant	ZPBP2	MODIFIER	-
17:39878863	G/A	rs9907088	downstream_gene_variant	ZPBP2	MODIFIER	-
17:39879117	G/T	rs36038753	downstream_gene_variant	ZPBP2	MODIFIER	-
17:39879371	C/T	rs35569035	downstream_gene_variant	ZPBP2	MODIFIER	-
17:39879395	A/G	rs9910826	downstream_gene_variant	ZPBP2	MODIFIER	-
17:39880333	A/G	rs9904624	downstream_gene_variant	ZPBP2	MODIFIER	-
17:39881926	C/T	rs4795398	downstream_gene_variant	ZPBP2	MODIFIER	-
17:39882136	A/T	rs12939565	downstream_gene_variant	ZPBP2	MODIFIER	-
17:39882137	A/T	rs12939566	downstream_gene_variant	ZPBP2	MODIFIER	-
17:39882138	A/T	rs62067029	downstream_gene_variant	ZPBP2	MODIFIER	-
17:39883866	T/C	rs12232497	intergenic_variant	-	-	-
17:39884110	T/C	rs12232498	intergenic_variant	-	-	-
17:39884281	C/T	rs12941333	intergenic_variant	-	-	-
17:39884510	G/A	rs2872507	intergenic_variant	-	-	-
17:39886524	T/A	rs9908132	intergenic_variant	-	-	-
17:39887090	G/A	rs9901146	intergenic_variant	-	-	-
17:39887396	C/T	rs12936409	intergenic_variant	-	-	-
17:39889472	C/T	rs12103884	intergenic_variant	-	-	-
17:39891991	T/C	rs9906951	intergenic_variant	-	-	-
17:39892849	T/C	rs12950209	intergenic_variant	-	-	-
17:39892980	T/C	rs12950743	intergenic_variant	-	-	-
17:39893336	C/T	rs7359623	intergenic_variant	-	-	-
17:39895095	A/G	rs8067378	intergenic_variant	-	-	-
17:39896954	C/G	rs12453507	intergenic_variant	-	-	-
17:39899863	T/C	rs11651596	downstream_gene_variant	GSDMB	MODIFIER	-
17:39900936	G/A	rs12949100	downstream_gene_variant	GSDMB	MODIFIER	-
17:39900944	G/A	rs8069176	downstream_gene_variant	GSDMB	MODIFIER	-
17:39905186	T/C	rs4795399	intron_variant	GSDMB	MODIFIER	-
17:39905943	G/A	rs2305480	missense_variant	GSDMB	MODERATE	-
17:39905964	C/T	rs2305479	missense_variant	GSDMB	MODERATE	-
17:39906691	A/C	rs56750287	3_prime_UTR_variant	GSDMB	MODIFIER	-
17:39906723	G/A	rs11078926	3_prime_UTR_variant	GSDMB	MODIFIER	-
17:39907128	C/T	rs883770	non_coding_transcript_exon_variant	GSDMB	MODIFIER	-
17:39907485	C/T	rs62067034	non_coding_transcript_exon_variant	GSDMB	MODIFIER	-
17:39907676	T/C	rs36000226	non_coding_transcript_exon_variant	GSDMB	MODIFIER	-
17:39908152	C/T	rs11078927	intron_variant	GSDMB	MODIFIER	-
17:39908216	T/C	rs11078928	splice_acceptor_variant	GSDMB	HIGH	-
17:39908623	G/A	rs12939832	intron_variant	GSDMB	MODIFIER	-
17:39909987	T/C	rs2290400	intron_variant	GSDMB	MODIFIER	-
17:39910014	G/T	rs1008723	intron_variant	GSDMB	MODIFIER	-
17:39910119	T/C	rs56380902	intron_variant	GSDMB	MODIFIER	-
17:39910767	C/T	rs4795400	intron_variant	GSDMB	MODIFIER	-
17:39911280	A/G	rs4795401	intron_variant	GSDMB	MODIFIER	-
17:39911790	T/C	rs869402	intron_variant	GSDMB	MODIFIER	-
17:39912261	T/C	rs1011082	intron_variant	GSDMB	MODIFIER	-
17:39912823	G/A	rs921650	intron_variant	GSDMB	MODIFIER	-
17:39913021	C/T	rs921649	intron_variant	GSDMB	MODIFIER	-
17:39913556	C/T	rs6503524	intron_variant	GSDMB	MODIFIER	-
17:39913696	C/T	rs7216389	intron_variant	GSDMB	MODIFIER	-
17:39913818	C/T	rs7216558	intron_variant	GSDMB	MODIFIER	-
17:39914536	C/T	rs7221605	intron_variant	GSDMB	MODIFIER	-
17:39915920	G/T	rs1031458	intron_variant	GSDMB	MODIFIER	-
17:39915994	T/G	rs1031460	intron_variant	GSDMB	MODIFIER	-
17:39916149	C/T	rs8065777	intron_variant	GSDMB,ORMDL3	MODIFIER	-
17:39916474	C/T	rs2872516	intron_variant	GSDMB,ORMDL3	MODIFIER	-
17:39917715	G/C	rs9303279	5_prime_UTR_variant	GSDMB,ORMDL3	MODIFIER	-
17:39917778	T/C	rs9303280	5_prime_UTR_variant	GSDMB,ORMDL3	MODIFIER	-
17:39917793	G/A	rs9303281	5_prime_UTR_variant	GSDMB,ORMDL3	MODIFIER	-
17:39918265	C/T	rs7219923	5_prime_UTR_variant	GSDMB,ORMDL3	MODIFIER	-
17:39918763	T/C	rs3902920	5_prime_UTR_variant	GSDMB,ORMDL3	MODIFIER	-
17:39919173	G/A	rs7224129	non_coding_transcript_exon_variant	GSDMB,ORMDL3	MODIFIER	-
17:39919884	T/A	rs8074437	upstream_gene_variant	GSDMB,ORMDL3	MODIFIER	-
17:39919884	T/G	rs8074437	upstream_gene_variant	GSDMB,ORMDL3	MODIFIER	-
17:39924612	A/G	rs4065275	intron_variant	LRRC3C,ORMDL3	MODIFIER	regulatory_region_variant
17:39924659	G/A	rs8076131	intron_variant	LRRC3C,ORMDL3	MODIFIER	regulatory_region_variant
17:39926554	T/C	rs12603332	5_prime_UTR_variant	LRRC3C,ORMDL3	MODIFIER	regulatory_region_variant
17:39932164	T/C	rs4795405	intron_variant	LRRC3C,ORMDL3	MODIFIER	-
17:39933091	A/G	rs4794820	intron_variant	LRRC3C	MODIFIER	-
17:39933464	A/G	rs7221814	intron_variant	LRRC3C	MODIFIER	-
17:39933720	A/G	rs7222154	intron_variant	LRRC3C	MODIFIER	-
17:39934555	C/T	rs56199421	intron_variant	LRRC3C	MODIFIER	-
